[
  {
    "pk": "949", 
    "model": "mta_data.shape", 
    "fields": {
      "geometry": "LINESTRING (-73.9762340000000052 40.7656750000000017, -73.9764219999999995 40.7657560000000032, -73.9789459999999934 40.7668210000000002, -73.9790770000000037 40.7668760000000034, -73.9791400000000010 40.7667519999999968, -73.9791479999999950 40.7667399999999986, -73.9791629999999998 40.7667199999999994, -73.9792419999999993 40.7666060000000030, -73.9793200000000013 40.7664970000000011, -73.9793370000000010 40.7664740000000023, -73.9793420000000026 40.7664660000000012, -73.9794799999999952 40.7662750000000003, -73.9795440000000042 40.7661969999999982, -73.9796089999999964 40.7661190000000033, -73.9797539999999998 40.7659049999999965, -73.9800359999999984 40.7655209999999997, -73.9805280000000067 40.7648439999999965, -73.9809809999999999 40.7642230000000012, -73.9813769999999948 40.7636619999999965, -73.9814339999999930 40.7635939999999977, -73.9818080000000009 40.7630929999999978, -73.9818939999999969 40.7629680000000008, -73.9823509999999942 40.7623430000000013, -73.9828069999999940 40.7617189999999994, -73.9832629999999938 40.7610939999999999, -73.9836710000000011 40.7605289999999982, -73.9837299999999942 40.7604570000000024, -73.9838000000000022 40.7603730000000013, -73.9841739999999959 40.7598419999999990, -73.9846370000000064 40.7592070000000035, -73.9846770000000049 40.7591529999999977, -73.9849190000000050 40.7588170000000005, -73.9850239999999957 40.7586719999999971, -73.9850310000000064 40.7586629999999985, -73.9850809999999939 40.7585869999999986, -73.9851280000000031 40.7585169999999977, -73.9853630000000067 40.7581500000000005, -73.9854619999999983 40.7580030000000022, -73.9855100000000050 40.7579490000000035, -73.9855739999999997 40.7577759999999998, -73.9856609999999932 40.7575810000000018, -73.9858119999999957 40.7572540000000032, -73.9858389999999986 40.7572029999999970, -73.9861250000000013 40.7566410000000019, -73.9861549999999966 40.7565809999999971, -73.9863979999999941 40.7558039999999977, -73.9864680000000021 40.7555970000000016, -73.9866389999999967 40.7550349999999995, -73.9868660000000062 40.7543179999999978, -73.9870889999999974 40.7536070000000024, -73.9873099999999937 40.7528920000000028, -73.9873520000000013 40.7527609999999996, -73.9874389999999948 40.7523610000000005, -73.9874910000000057 40.7521589999999989, -73.9875270000000000 40.7520239999999987, -73.9875779999999992 40.7517380000000031, -73.9876450000000006 40.7514189999999985, -73.9876739999999984 40.7512860000000003, -73.9877120000000019 40.7510300000000001, -73.9877790000000033 40.7506610000000009, -73.9879250000000042 40.7499389999999977, -73.9879370000000023 40.7498549999999966, -73.9879920000000055 40.7496440000000035, -73.9879880000000014 40.7495940000000019, -73.9879739999999941 40.7494909999999990, -73.9880370000000056 40.7490310000000022, -73.9880380000000031 40.7490230000000011, -73.9880469999999946 40.7489769999999965, -73.9881649999999951 40.7483509999999995, -73.9881769999999932 40.7482889999999998, -73.9882709999999975 40.7477889999999974, -73.9883049999999969 40.7475359999999966, -73.9883389999999963 40.7474040000000031, -73.9884530000000069 40.7467889999999997, -73.9885909999999996 40.7460359999999966, -73.9887290000000064 40.7452860000000001, -73.9888689999999940 40.7445329999999970, -73.9890110000000050 40.7437960000000032, -73.9891360000000020 40.7431180000000026, -73.9891429999999986 40.7430960000000013, -73.9891449999999935 40.7430850000000007, -73.9891470000000027 40.7430779999999970, -73.9891549999999967 40.7430299999999974, -73.9891609999999957 40.7429699999999997, -73.9891980000000018 40.7425909999999973, -73.9891470000000027 40.7424689999999998, -73.9891470000000027 40.7424669999999978, -73.9890390000000053 40.7423050000000018, -73.9889790000000005 40.7422120000000021, -73.9891039999999975 40.7419340000000005, -73.9892619999999965 40.7414580000000015, -73.9892789999999962 40.7414220000000000, -73.9893600000000049 40.7412539999999979, -73.9893869999999936 40.7410550000000029, -73.9894110000000040 40.7406629999999979, -73.9894139999999965 40.7406030000000001, -73.9895479999999992 40.7399860000000018, -73.9895829999999961 40.7398650000000018, -73.9897650000000056 40.7391769999999980, -73.9899520000000024 40.7384879999999967, -73.9901219999999995 40.7377960000000030, -73.9902500000000032 40.7372470000000035, -73.9902519999999981 40.7372360000000029, -73.9902519999999981 40.7372259999999997, -73.9902529999999956 40.7372190000000032, -73.9902500000000032 40.7372030000000009, -73.9902479999999940 40.7371890000000008, -73.9903230000000036 40.7370999999999981, -73.9902119999999996 40.7370349999999988, -73.9902060000000006 40.7370310000000018, -73.9902029999999939 40.7370280000000022, -73.9901969999999949 40.7370179999999991, -73.9901949999999999 40.7370159999999970, -73.9901890000000009 40.7370099999999979, -73.9901810000000069 40.7370060000000009, -73.9901100000000014 40.7369729999999990, -73.9893210000000039 40.7366420000000033, -73.9892380000000003 40.7365970000000033, -73.9892339999999962 40.7365950000000012, -73.9890450000000044 40.7365459999999970, -73.9891599999999983 40.7363769999999974, -73.9892750000000063 40.7362159999999989, -73.9893959999999993 40.7360510000000033, -73.9894550000000066 40.7359870000000015, -73.9894570000000016 40.7359849999999994, -73.9894830000000070 40.7359480000000005, -73.9897140000000064 40.7356169999999977, -73.9898950000000042 40.7353779999999972, -73.9899170000000055 40.7353489999999994, -73.9899350000000027 40.7353250000000031, -73.9900470000000041 40.7352580000000017, -73.9901119999999963 40.7352190000000007, -73.9901469999999932 40.7351910000000004, -73.9902210000000053 40.7351359999999971, -73.9903510000000040 40.7350459999999970, -73.9905030000000039 40.7349770000000007, -73.9906409999999966 40.7349189999999979, -73.9906610000000029 40.7349099999999993, -73.9907489999999939 40.7348360000000014, -73.9907560000000046 40.7348300000000023, -73.9907589999999971 40.7348280000000003, -73.9907809999999984 40.7347180000000009, -73.9909320000000008 40.7340340000000012, -73.9909449999999964 40.7339780000000005, -73.9911139999999961 40.7332139999999967, -73.9912810000000007 40.7324460000000030, -73.9914140000000060 40.7318360000000013, -73.9914189999999934 40.7318160000000020, -73.9914250000000067 40.7318009999999973, -73.9914600000000036 40.7317380000000000, -73.9915040000000062 40.7316580000000030, -73.9916680000000042 40.7314620000000005, -73.9917810000000031 40.7313279999999978, -73.9918540000000036 40.7312420000000017, -73.9919210000000049 40.7311660000000018, -73.9924079999999975 40.7305909999999969, -73.9928409999999985 40.7300790000000035, -73.9932620000000014 40.7295799999999986, -73.9934520000000049 40.7293540000000007, -73.9937469999999990 40.7290070000000028, -73.9942530000000005 40.7284119999999987, -73.9947509999999937 40.7278189999999967, -73.9952700000000050 40.7272109999999969, -73.9958440000000053 40.7265269999999973, -73.9958830000000063 40.7264800000000022, -73.9966759999999937 40.7255449999999968, -73.9967240000000004 40.7254890000000032, -73.9967720000000071 40.7254319999999979, -73.9968250000000012 40.7253690000000006, -73.9968779999999953 40.7253060000000033, -73.9972939999999966 40.7248140000000021, -73.9977530000000030 40.7242729999999966, -73.9977849999999933 40.7242350000000002, -73.9977870000000024 40.7242320000000007, -73.9988120000000009 40.7230210000000028, -73.9992600000000067 40.7224920000000026, -73.9995210000000014 40.7221830000000011, -73.9998530000000017 40.7217920000000007, -74.0006609999999938 40.7208400000000026, -74.0014249999999976 40.7199370000000016, -74.0018840000000040 40.7193979999999982, -74.0020920000000046 40.7191529999999986, -74.0025380000000013 40.7186269999999979, -74.0030450000000002 40.7180260000000018, -74.0035320000000070 40.7174490000000020, -74.0040259999999961 40.7168709999999976, -74.0045340000000067 40.7162799999999976, -74.0049759999999992 40.7157600000000031, -74.0050860000000057 40.7156299999999973, -74.0053249999999991 40.7153479999999988, -74.0054190000000034 40.7152359999999973, -74.0055059999999969 40.7151330000000016, -74.0057800000000015 40.7148060000000029, -74.0058879999999988 40.7146770000000018, -74.0059949999999986 40.7145519999999976, -74.0061910000000012 40.7143209999999982, -74.0063070000000067 40.7141790000000015, -74.0063020000000051 40.7141499999999965, -74.0063130000000058 40.7141390000000030, -74.0067530000000033 40.7136190000000013, -74.0072250000000054 40.7130549999999971, -74.0076660000000004 40.7125330000000005, -74.0076920000000058 40.7124999999999986, -74.0080600000000004 40.7120430000000013, -74.0080999999999989 40.7119939999999971, -74.0082189999999969 40.7118499999999983, -74.0086040000000054 40.7113889999999969, -74.0086720000000042 40.7113099999999974, -74.0090220000000016 40.7109310000000022, -74.0090629999999976 40.7108869999999996, -74.0094739999999973 40.7104130000000026, -74.0095429999999936 40.7103279999999970, -74.0099869999999953 40.7098060000000004, -74.0105420000000009 40.7091539999999981, -74.0107710000000054 40.7088790000000031, -74.0108460000000008 40.7087980000000016, -74.0108699999999970 40.7087679999999992, -74.0112479999999948 40.7083050000000028, -74.0117019999999997 40.7077560000000034, -74.0119470000000064 40.7074520000000035, -74.0124270000000024 40.7068709999999996, -74.0124730000000000 40.7068140000000014, -74.0125069999999994 40.7067679999999967, -74.0125519999999995 40.7067120000000031, -74.0132540000000034 40.7058710000000019, -74.0133289999999988 40.7057989999999990, -74.0133799999999979 40.7057459999999978, -74.0133909999999986 40.7057349999999971, -74.0134809999999987 40.7056340000000034, -74.0138469999999984 40.7052029999999974, -74.0139190000000013 40.7051080000000027, -74.0139870000000002 40.7049850000000006, -74.0140739999999937 40.7047790000000020, -74.0141140000000064 40.7047150000000002, -74.0141490000000033 40.7046769999999967, -74.0141830000000027 40.7046390000000002, -74.0142589999999956 40.7045559999999966, -74.0142550000000057 40.7045290000000008, -74.0142519999999990 40.7045019999999980, -74.0142460000000000 40.7044380000000032, -74.0142510000000016 40.7043450000000036, -74.0142510000000016 40.7043419999999969, -74.0143869999999993 40.7036250000000024, -74.0143920000000008 40.7035989999999970, -74.0144350000000060 40.7033670000000001, -74.0144470000000041 40.7032719999999983, -74.0144470000000041 40.7032650000000018, -74.0144370000000009 40.7031709999999975, -74.0143979999999999 40.7030559999999966, -74.0143669999999929 40.7029660000000035, -74.0143470000000008 40.7029199999999989, -74.0142969999999991 40.7028370000000024, -74.0142309999999952 40.7027390000000011, -74.0141579999999948 40.7026409999999998, -74.0139939999999967 40.7025140000000007, -74.0138709999999946 40.7024339999999967, -74.0138180000000006 40.7023980000000023, -74.0137670000000014 40.7023530000000022, -74.0136030000000034 40.7023620000000008, -74.0129989999999935 40.7023950000000028, -74.0129160000000041 40.7024010000000018, -74.0128919999999937 40.7024060000000034, -74.0128490000000028 40.7024189999999990, -74.0128330000000005 40.7024290000000022, -74.0128320000000031 40.7024299999999997, -74.0128299999999939 40.7024320000000017, -74.0128100000000018 40.7024499999999989, -74.0127999999999986 40.7024630000000016, -74.0127789999999948 40.7024910000000020, -74.0127600000000001 40.7025039999999976, -74.0126080000000002 40.7025489999999976, -74.0123909999999938 40.7026529999999980, -74.0123520000000070 40.7026970000000006, -74.0123289999999940 40.7027240000000035, -74.0120969999999971 40.7027950000000018, -74.0115059999999971 40.7029589999999999, -74.0112019999999973 40.7019060000000010, -74.0111660000000029 40.7017820000000015, -74.0122769999999974 40.7015349999999998, -74.0125230000000016 40.7014799999999966, -74.0125450000000029 40.7014750000000021, -74.0125539999999944 40.7014739999999975, -74.0125560000000036 40.7014810000000011, -74.0125610000000052 40.7014950000000013, -74.0126929999999987 40.7019060000000010, -74.0127159999999975 40.7019790000000015, -74.0128080000000068 40.7022759999999977, -74.0128189999999933 40.7023420000000016, -74.0128299999999939 40.7024070000000009, -74.0128330000000005 40.7024290000000022)", 
      "length": 0.086810405193799997
    }
  }, 
  {
    "pk": "1061", 
    "model": "mta_data.route", 
    "fields": {
      "direction": "S", 
      "name": "M06", 
      "headsign": "SOUTH FERRY via BWAY"
    }
  }, 
  {
    "pk": 6446, 
    "model": "mta_data.trip", 
    "fields": {
      "route": "1061", 
      "start_time": "14:50:00", 
      "shape": "949", 
      "day_of_week": "WKO"
    }
  }, 
  {
    "pk": 400943, 
    "model": "mta_data.busstop", 
    "fields": {
      "geometry": "POINT (-73.9770199999999960 40.7661280000000019)", 
      "location": "CENTRAL PK S at AV OF THE AMERICAS"
    }
  }, 
  {
    "pk": 400948, 
    "model": "mta_data.busstop", 
    "fields": {
      "geometry": "POINT (-73.9798499999999990 40.7659530000000032)", 
      "location": "7 AV at W 58 ST"
    }
  }, 
  {
    "pk": 404050, 
    "model": "mta_data.busstop", 
    "fields": {
      "geometry": "POINT (-73.9805520000000030 40.7649839999999983)", 
      "location": "7 AV at W 56 ST"
    }
  }, 
  {
    "pk": 400950, 
    "model": "mta_data.busstop", 
    "fields": {
      "geometry": "POINT (-73.9814829999999972 40.7636979999999980)", 
      "location": "7 AV at W 54 ST"
    }
  }, 
  {
    "pk": 400951, 
    "model": "mta_data.busstop", 
    "fields": {
      "geometry": "POINT (-73.9821620000000024 40.7627829999999989)", 
      "location": "7 AV at W 53 ST"
    }
  }, 
  {
    "pk": 403797, 
    "model": "mta_data.busstop", 
    "fields": {
      "geometry": "POINT (-73.9835659999999962 40.7608519999999999)", 
      "location": "7 AV at W 50 ST"
    }
  }, 
  {
    "pk": 400953, 
    "model": "mta_data.busstop", 
    "fields": {
      "geometry": "POINT (-73.9847560000000044 40.7591510000000028)", 
      "location": "7 AV at W 47 ST"
    }
  }, 
  {
    "pk": 400954, 
    "model": "mta_data.busstop", 
    "fields": {
      "geometry": "POINT (-73.9862279999999970 40.7567319999999995)", 
      "location": "BROADWAY at W 43 ST"
    }
  }, 
  {
    "pk": 400955, 
    "model": "mta_data.busstop", 
    "fields": {
      "geometry": "POINT (-73.9864500000000049 40.7558930000000004)", 
      "location": "BROADWAY at W 42 ST"
    }
  }, 
  {
    "pk": 400956, 
    "model": "mta_data.busstop", 
    "fields": {
      "geometry": "POINT (-73.9873039999999946 40.7533069999999995)", 
      "location": "BROADWAY at W 39 ST"
    }
  }, 
  {
    "pk": 400957, 
    "model": "mta_data.busstop", 
    "fields": {
      "geometry": "POINT (-73.9876699999999943 40.7518799999999999)", 
      "location": "BROADWAY at W 37 ST"
    }
  }, 
  {
    "pk": 400958, 
    "model": "mta_data.busstop", 
    "fields": {
      "geometry": "POINT (-73.9880210000000034 40.7500110000000006)", 
      "location": "BROADWAY at W 34 ST"
    }
  }, 
  {
    "pk": 403823, 
    "model": "mta_data.busstop", 
    "fields": {
      "geometry": "POINT (-73.9884710000000041 40.7471729999999965)", 
      "location": "BROADWAY at W 31 ST"
    }
  }, 
  {
    "pk": 400961, 
    "model": "mta_data.busstop", 
    "fields": {
      "geometry": "POINT (-73.9888150000000024 40.7453879999999984)", 
      "location": "BROADWAY at W 28 ST"
    }
  }, 
  {
    "pk": 400962, 
    "model": "mta_data.busstop", 
    "fields": {
      "geometry": "POINT (-73.9890970000000010 40.7439490000000006)", 
      "location": "BROADWAY at W 26 ST"
    }
  }, 
  {
    "pk": 903029, 
    "model": "mta_data.busstop", 
    "fields": {
      "geometry": "POINT (-73.9894709999999947 40.7406989999999993)", 
      "location": "BROADWAY at E 22 ST"
    }
  }, 
  {
    "pk": 400964, 
    "model": "mta_data.busstop", 
    "fields": {
      "geometry": "POINT (-73.9898450000000025 40.7392690000000002)", 
      "location": "BROADWAY at E 20 ST"
    }
  }, 
  {
    "pk": 404937, 
    "model": "mta_data.busstop", 
    "fields": {
      "geometry": "POINT (-73.9901190000000071 40.7381620000000026)", 
      "location": "BROADWAY at E 18 ST"
    }
  }, 
  {
    "pk": 404912, 
    "model": "mta_data.busstop", 
    "fields": {
      "geometry": "POINT (-73.9909820000000025 40.7345960000000034)", 
      "location": "BROADWAY at E 14 ST"
    }
  }, 
  {
    "pk": 400150, 
    "model": "mta_data.busstop", 
    "fields": {
      "geometry": "POINT (-73.9912869999999998 40.7330850000000027)", 
      "location": "BROADWAY at E 12 ST"
    }
  }, 
  {
    "pk": 400151, 
    "model": "mta_data.busstop", 
    "fields": {
      "geometry": "POINT (-73.9922329999999988 40.7309300000000007)", 
      "location": "BROADWAY at E 9 ST"
    }
  }, 
  {
    "pk": 400153, 
    "model": "mta_data.busstop", 
    "fields": {
      "geometry": "POINT (-73.9935150000000021 40.7293999999999983)", 
      "location": "BROADWAY at WAVERLY PL"
    }
  }, 
  {
    "pk": 400154, 
    "model": "mta_data.busstop", 
    "fields": {
      "geometry": "POINT (-73.9951010000000053 40.7275390000000002)", 
      "location": "BROADWAY at W 3 ST"
    }
  }, 
  {
    "pk": 400155, 
    "model": "mta_data.busstop", 
    "fields": {
      "geometry": "POINT (-73.9961700000000064 40.7262610000000009)", 
      "location": "BROADWAY at BLEECKER ST"
    }
  }, 
  {
    "pk": 403311, 
    "model": "mta_data.busstop", 
    "fields": {
      "geometry": "POINT (-73.9971380000000067 40.7251240000000010)", 
      "location": "BROADWAY at W HOUSTON ST"
    }
  }, 
  {
    "pk": 404916, 
    "model": "mta_data.busstop", 
    "fields": {
      "geometry": "POINT (-73.9980850000000032 40.7240099999999998)", 
      "location": "BROADWAY at PRINCE ST"
    }
  }, 
  {
    "pk": 400157, 
    "model": "mta_data.busstop", 
    "fields": {
      "geometry": "POINT (-73.9990690000000058 40.7228429999999975)", 
      "location": "BROADWAY at SPRING ST"
    }
  }, 
  {
    "pk": 400159, 
    "model": "mta_data.busstop", 
    "fields": {
      "geometry": "POINT (-74.0006630000000030 40.7209620000000001)", 
      "location": "BROADWAY at GRAND ST"
    }
  }, 
  {
    "pk": 400160, 
    "model": "mta_data.busstop", 
    "fields": {
      "geometry": "POINT (-74.0017310000000066 40.7196920000000020)", 
      "location": "BROADWAY at HOWARD ST"
    }
  }, 
  {
    "pk": 400161, 
    "model": "mta_data.busstop", 
    "fields": {
      "geometry": "POINT (-74.0025250000000057 40.7187690000000018)", 
      "location": "BROADWAY at WALKER ST"
    }
  }, 
  {
    "pk": 400162, 
    "model": "mta_data.busstop", 
    "fields": {
      "geometry": "POINT (-74.0033339999999953 40.7178070000000005)", 
      "location": "BROADWAY at WHITE ST"
    }
  }, 
  {
    "pk": 400163, 
    "model": "mta_data.busstop", 
    "fields": {
      "geometry": "POINT (-74.0050200000000018 40.7158310000000014)", 
      "location": "BROADWAY at THOMAS ST"
    }
  }, 
  {
    "pk": 400165, 
    "model": "mta_data.busstop", 
    "fields": {
      "geometry": "POINT (-74.0058740000000057 40.7148240000000001)", 
      "location": "BROADWAY at READE ST"
    }
  }, 
  {
    "pk": 400166, 
    "model": "mta_data.busstop", 
    "fields": {
      "geometry": "POINT (-74.0076669999999979 40.7126769999999993)", 
      "location": "BROADWAY at PARK PL"
    }
  }, 
  {
    "pk": 400168, 
    "model": "mta_data.busstop", 
    "fields": {
      "geometry": "POINT (-74.0100020000000001 40.7098990000000001)", 
      "location": "BROADWAY at CORTLANDT ST"
    }
  }, 
  {
    "pk": 400988, 
    "model": "mta_data.busstop", 
    "fields": {
      "geometry": "POINT (-74.0110619999999955 40.7086439999999996)", 
      "location": "BROADWAY at THAMES ST"
    }
  }, 
  {
    "pk": 400170, 
    "model": "mta_data.busstop", 
    "fields": {
      "geometry": "POINT (-74.0119619999999969 40.7075529999999972)", 
      "location": "BROADWAY at RECTOR ST"
    }
  }, 
  {
    "pk": 400171, 
    "model": "mta_data.busstop", 
    "fields": {
      "geometry": "POINT (-74.0135570000000058 40.7056309999999968)", 
      "location": "BROADWAY at MORRIS ST"
    }
  }, 
  {
    "pk": 400903, 
    "model": "mta_data.busstop", 
    "fields": {
      "geometry": "POINT (-74.0142819999999944 40.7037270000000007)", 
      "location": "STATE ST at BRIDGE ST"
    }
  }, 
  {
    "pk": 903077, 
    "model": "mta_data.busstop", 
    "fields": {
      "geometry": "POINT (-74.0123899999999963 40.7015639999999976)", 
      "location": "WATER ST at WHITEHALL ST"
    }
  }, 
  {
    "pk": 413294, 
    "model": "mta_data.tripstop", 
    "fields": {
      "bus_stop": 400943, 
      "seconds_after_start": 0, 
      "type": "D", 
      "trip": 6446, 
      "distance": 0
    }
  }, 
  {
    "pk": 413295, 
    "model": "mta_data.tripstop", 
    "fields": {
      "bus_stop": 400948, 
      "seconds_after_start": 120, 
      "type": "T", 
      "trip": 6446, 
      "distance": 0.049420888602986601
    }
  }, 
  {
    "pk": 413296, 
    "model": "mta_data.tripstop", 
    "fields": {
      "bus_stop": 404050, 
      "seconds_after_start": 165, 
      "type": "T", 
      "trip": 6446, 
      "distance": 0.063198514143533502
    }
  }, 
  {
    "pk": 413297, 
    "model": "mta_data.tripstop", 
    "fields": {
      "bus_stop": 400950, 
      "seconds_after_start": 313, 
      "type": "T", 
      "trip": 6446, 
      "distance": 0.081571897028940896
    }
  }, 
  {
    "pk": 413298, 
    "model": "mta_data.tripstop", 
    "fields": {
      "bus_stop": 400951, 
      "seconds_after_start": 360, 
      "type": "T", 
      "trip": 6446, 
      "distance": 0.094619586191423105
    }
  }, 
  {
    "pk": 413299, 
    "model": "mta_data.tripstop", 
    "fields": {
      "bus_stop": 403797, 
      "seconds_after_start": 468, 
      "type": "T", 
      "trip": 6446, 
      "distance": 0.12211448522988499
    }
  }, 
  {
    "pk": 413300, 
    "model": "mta_data.tripstop", 
    "fields": {
      "bus_stop": 400953, 
      "seconds_after_start": 585, 
      "type": "T", 
      "trip": 6446, 
      "distance": 0.146030023723529
    }
  }, 
  {
    "pk": 413301, 
    "model": "mta_data.tripstop", 
    "fields": {
      "bus_stop": 400954, 
      "seconds_after_start": 741, 
      "type": "T", 
      "trip": 6446, 
      "distance": 0.178622210200856
    }
  }, 
  {
    "pk": 413302, 
    "model": "mta_data.tripstop", 
    "fields": {
      "bus_stop": 400955, 
      "seconds_after_start": 780, 
      "type": "T", 
      "trip": 6446, 
      "distance": 0.18836941918101299
    }
  }, 
  {
    "pk": 413303, 
    "model": "mta_data.tripstop", 
    "fields": {
      "bus_stop": 400956, 
      "seconds_after_start": 937, 
      "type": "T", 
      "trip": 6446, 
      "distance": 0.21973334260103899
    }
  }, 
  {
    "pk": 413304, 
    "model": "mta_data.tripstop", 
    "fields": {
      "bus_stop": 400957, 
      "seconds_after_start": 1042, 
      "type": "T", 
      "trip": 6446, 
      "distance": 0.23655569228805801
    }
  }, 
  {
    "pk": 413305, 
    "model": "mta_data.tripstop", 
    "fields": {
      "bus_stop": 400958, 
      "seconds_after_start": 1200, 
      "type": "T", 
      "trip": 6446, 
      "distance": 0.25849588692145498
    }
  }, 
  {
    "pk": 413306, 
    "model": "mta_data.tripstop", 
    "fields": {
      "bus_stop": 403823, 
      "seconds_after_start": 1335, 
      "type": "T", 
      "trip": 6446, 
      "distance": 0.29166574584770599
    }
  }, 
  {
    "pk": 413307, 
    "model": "mta_data.tripstop", 
    "fields": {
      "bus_stop": 400961, 
      "seconds_after_start": 1461, 
      "type": "T", 
      "trip": 6446, 
      "distance": 0.31260408194863298
    }
  }, 
  {
    "pk": 413308, 
    "model": "mta_data.tripstop", 
    "fields": {
      "bus_stop": 400962, 
      "seconds_after_start": 1545, 
      "type": "T", 
      "trip": 6446, 
      "distance": 0.32950581428432302
    }
  }, 
  {
    "pk": 413309, 
    "model": "mta_data.tripstop", 
    "fields": {
      "bus_stop": 903029, 
      "seconds_after_start": 1680, 
      "type": "T", 
      "trip": 6446, 
      "distance": 0.368536469580384
    }
  }, 
  {
    "pk": 413310, 
    "model": "mta_data.tripstop", 
    "fields": {
      "bus_stop": 400964, 
      "seconds_after_start": 1788, 
      "type": "T", 
      "trip": 6446, 
      "distance": 0.38573335780552298
    }
  }, 
  {
    "pk": 413311, 
    "model": "mta_data.tripstop", 
    "fields": {
      "bus_stop": 404937, 
      "seconds_after_start": 1857, 
      "type": "T", 
      "trip": 6446, 
      "distance": 0.39885200990013298
    }
  }, 
  {
    "pk": 413312, 
    "model": "mta_data.tripstop", 
    "fields": {
      "bus_stop": 404912, 
      "seconds_after_start": 2040, 
      "type": "T", 
      "trip": 6446, 
      "distance": 0.45931994366248002
    }
  }, 
  {
    "pk": 413313, 
    "model": "mta_data.tripstop", 
    "fields": {
      "bus_stop": 400150, 
      "seconds_after_start": 2104, 
      "type": "T", 
      "trip": 6446, 
      "distance": 0.47706873079485501
    }
  }, 
  {
    "pk": 413314, 
    "model": "mta_data.tripstop", 
    "fields": {
      "bus_stop": 400151, 
      "seconds_after_start": 2208, 
      "type": "T", 
      "trip": 6446, 
      "distance": 0.505571174759611
    }
  }, 
  {
    "pk": 413315, 
    "model": "mta_data.tripstop", 
    "fields": {
      "bus_stop": 400153, 
      "seconds_after_start": 2292, 
      "type": "T", 
      "trip": 6446, 
      "distance": 0.52856636471693796
    }
  }, 
  {
    "pk": 413316, 
    "model": "mta_data.tripstop", 
    "fields": {
      "bus_stop": 400154, 
      "seconds_after_start": 2389, 
      "type": "T", 
      "trip": 6446, 
      "distance": 0.556734931333557
    }
  }, 
  {
    "pk": 413317, 
    "model": "mta_data.tripstop", 
    "fields": {
      "bus_stop": 400155, 
      "seconds_after_start": 2461, 
      "type": "T", 
      "trip": 6446, 
      "distance": 0.57592452841033603
    }
  }, 
  {
    "pk": 413318, 
    "model": "mta_data.tripstop", 
    "fields": {
      "bus_stop": 403311, 
      "seconds_after_start": 2520, 
      "type": "T", 
      "trip": 6446, 
      "distance": 0.59312439000302397
    }
  }, 
  {
    "pk": 413319, 
    "model": "mta_data.tripstop", 
    "fields": {
      "bus_stop": 404916, 
      "seconds_after_start": 2587, 
      "type": "T", 
      "trip": 6446, 
      "distance": 0.60996783059127402
    }
  }, 
  {
    "pk": 413320, 
    "model": "mta_data.tripstop", 
    "fields": {
      "bus_stop": 400157, 
      "seconds_after_start": 2655, 
      "type": "T", 
      "trip": 6446, 
      "distance": 0.62755213859624304
    }
  }, 
  {
    "pk": 413321, 
    "model": "mta_data.tripstop", 
    "fields": {
      "bus_stop": 400159, 
      "seconds_after_start": 2772, 
      "type": "T", 
      "trip": 6446, 
      "distance": 0.65595484608181298
    }
  }, 
  {
    "pk": 413322, 
    "model": "mta_data.tripstop", 
    "fields": {
      "bus_stop": 400160, 
      "seconds_after_start": 2820, 
      "type": "T", 
      "trip": 6446, 
      "distance": 0.675071004533497
    }
  }, 
  {
    "pk": 413323, 
    "model": "mta_data.tripstop", 
    "fields": {
      "bus_stop": 400161, 
      "seconds_after_start": 2862, 
      "type": "T", 
      "trip": 6446, 
      "distance": 0.689093932728856
    }
  }, 
  {
    "pk": 413324, 
    "model": "mta_data.tripstop", 
    "fields": {
      "bus_stop": 400162, 
      "seconds_after_start": 2934, 
      "type": "T", 
      "trip": 6446, 
      "distance": 0.70357103758963502
    }
  }, 
  {
    "pk": 413325, 
    "model": "mta_data.tripstop", 
    "fields": {
      "bus_stop": 400163, 
      "seconds_after_start": 3069, 
      "type": "T", 
      "trip": 6446, 
      "distance": 0.73349627000358797
    }
  }, 
  {
    "pk": 413326, 
    "model": "mta_data.tripstop", 
    "fields": {
      "bus_stop": 400165, 
      "seconds_after_start": 3126, 
      "type": "T", 
      "trip": 6446, 
      "distance": 0.74869900914229004
    }
  }, 
  {
    "pk": 413327, 
    "model": "mta_data.tripstop", 
    "fields": {
      "bus_stop": 400166, 
      "seconds_after_start": 3255, 
      "type": "T", 
      "trip": 6446, 
      "distance": 0.78104704803843505
    }
  }, 
  {
    "pk": 413328, 
    "model": "mta_data.tripstop", 
    "fields": {
      "bus_stop": 400168, 
      "seconds_after_start": 3420, 
      "type": "T", 
      "trip": 6446, 
      "distance": 0.822863252765898
    }
  }, 
  {
    "pk": 413329, 
    "model": "mta_data.tripstop", 
    "fields": {
      "bus_stop": 400988, 
      "seconds_after_start": 3484, 
      "type": "T", 
      "trip": 6446, 
      "distance": 0.84177229143451804
    }
  }, 
  {
    "pk": 413330, 
    "model": "mta_data.tripstop", 
    "fields": {
      "bus_stop": 400170, 
      "seconds_after_start": 3558, 
      "type": "T", 
      "trip": 6446, 
      "distance": 0.85805881942990903
    }
  }, 
  {
    "pk": 413331, 
    "model": "mta_data.tripstop", 
    "fields": {
      "bus_stop": 400171, 
      "seconds_after_start": 3652, 
      "type": "T", 
      "trip": 6446, 
      "distance": 0.88686260493695701
    }
  }, 
  {
    "pk": 413332, 
    "model": "mta_data.tripstop", 
    "fields": {
      "bus_stop": 400903, 
      "seconds_after_start": 3841, 
      "type": "T", 
      "trip": 6446, 
      "distance": 0.91120141624457196
    }
  }, 
  {
    "pk": 413333, 
    "model": "mta_data.tripstop", 
    "fields": {
      "bus_stop": 903077, 
      "seconds_after_start": 3900, 
      "type": "A", 
      "trip": 6446, 
      "distance": 1.0
    }
  },
  {
    "pk": 7, 
    "model": "tracker.bus", 
    "fields": {
      "distance": 1, 
      "trip": 6446, 
      "next_stop": 880515
    }
  }, 
  {
    "pk": 418, 
    "model": "tracker.busobservation", 
    "fields": {
      "bus": 7, 
      "location": "POINT (-73.9771039999999971 40.7655529999999970)", 
      "time": "2009-04-29 14:56:55"
    }
  }, 
  {
    "pk": 432, 
    "model": "tracker.busobservation", 
    "fields": {
      "bus": 7, 
      "location": "POINT (-73.9771039999999971 40.7655529999999970)", 
      "time": "2009-04-29 14:57:04"
    }
  }, 
  {
    "pk": 433, 
    "model": "tracker.busobservation", 
    "fields": {
      "bus": 7, 
      "location": "POINT (-73.9767379999999974 40.7656940000000034)", 
      "time": "2009-04-29 14:57:05"
    }
  }, 
  {
    "pk": 449, 
    "model": "tracker.busobservation", 
    "fields": {
      "bus": 7, 
      "location": "POINT (-73.9767379999999974 40.7656940000000034)", 
      "time": "2009-04-29 14:57:32"
    }
  }, 
  {
    "pk": 457, 
    "model": "tracker.busobservation", 
    "fields": {
      "bus": 7, 
      "location": "POINT (-73.9769969999999972 40.7658770000000032)", 
      "time": "2009-04-29 14:57:36"
    }
  }, 
  {
    "pk": 459, 
    "model": "tracker.busobservation", 
    "fields": {
      "bus": 7, 
      "location": "POINT (-73.9769739999999985 40.7659609999999972)", 
      "time": "2009-04-29 14:57:38"
    }
  }, 
  {
    "pk": 476, 
    "model": "tracker.busobservation", 
    "fields": {
      "bus": 7, 
      "location": "POINT (-73.9769739999999985 40.7659719999999979)", 
      "time": "2009-04-29 14:57:48"
    }
  }, 
  {
    "pk": 477, 
    "model": "tracker.busobservation", 
    "fields": {
      "bus": 7, 
      "location": "POINT (-73.9770429999999948 40.7659840000000031)", 
      "time": "2009-04-29 14:57:51"
    }
  }, 
  {
    "pk": 479, 
    "model": "tracker.busobservation", 
    "fields": {
      "bus": 7, 
      "location": "POINT (-73.9770429999999948 40.7659840000000031)", 
      "time": "2009-04-29 14:57:53"
    }
  }, 
  {
    "pk": 480, 
    "model": "tracker.busobservation", 
    "fields": {
      "bus": 7, 
      "location": "POINT (-73.9770659999999936 40.7659949999999967)", 
      "time": "2009-04-29 14:57:54"
    }
  }, 
  {
    "pk": 482, 
    "model": "tracker.busobservation", 
    "fields": {
      "bus": 7, 
      "location": "POINT (-73.9770659999999936 40.7659949999999967)", 
      "time": "2009-04-29 14:57:57"
    }
  }, 
  {
    "pk": 483, 
    "model": "tracker.busobservation", 
    "fields": {
      "bus": 7, 
      "location": "POINT (-73.9770429999999948 40.7660139999999984)", 
      "time": "2009-04-29 14:57:58"
    }
  }, 
  {
    "pk": 484, 
    "model": "tracker.busobservation", 
    "fields": {
      "bus": 7, 
      "location": "POINT (-73.9770199999999960 40.7660139999999984)", 
      "time": "2009-04-29 14:57:59"
    }
  }, 
  {
    "pk": 494, 
    "model": "tracker.busobservation", 
    "fields": {
      "bus": 7, 
      "location": "POINT (-73.9769739999999985 40.7660369999999972)", 
      "time": "2009-04-29 14:58:04"
    }
  }, 
  {
    "pk": 495, 
    "model": "tracker.busobservation", 
    "fields": {
      "bus": 7, 
      "location": "POINT (-73.9769519999999972 40.7660369999999972)", 
      "time": "2009-04-29 14:58:05"
    }
  }, 
  {
    "pk": 505, 
    "model": "tracker.busobservation", 
    "fields": {
      "bus": 7, 
      "location": "POINT (-73.9769359999999949 40.7660369999999972)", 
      "time": "2009-04-29 14:58:09"
    }
  }, 
  {
    "pk": 510, 
    "model": "tracker.busobservation", 
    "fields": {
      "bus": 7, 
      "location": "POINT (-73.9769359999999949 40.7660369999999972)", 
      "time": "2009-04-29 14:58:17"
    }
  }, 
  {
    "pk": 511, 
    "model": "tracker.busobservation", 
    "fields": {
      "bus": 7, 
      "location": "POINT (-73.9769359999999949 40.7660559999999990)", 
      "time": "2009-04-29 14:58:18"
    }
  }, 
  {
    "pk": 517, 
    "model": "tracker.busobservation", 
    "fields": {
      "bus": 7, 
      "location": "POINT (-73.9769359999999949 40.7660559999999990)", 
      "time": "2009-04-29 14:58:23"
    }
  }, 
  {
    "pk": 519, 
    "model": "tracker.busobservation", 
    "fields": {
      "bus": 7, 
      "location": "POINT (-73.9769519999999972 40.7660789999999977)", 
      "time": "2009-04-29 14:58:24"
    }
  }, 
  {
    "pk": 520, 
    "model": "tracker.busobservation", 
    "fields": {
      "bus": 7, 
      "location": "POINT (-73.9769519999999972 40.7660679999999971)", 
      "time": "2009-04-29 14:58:25"
    }
  }, 
  {
    "pk": 527, 
    "model": "tracker.busobservation", 
    "fields": {
      "bus": 7, 
      "location": "POINT (-73.9769519999999972 40.7660679999999971)", 
      "time": "2009-04-29 14:58:30"
    }
  }, 
  {
    "pk": 528, 
    "model": "tracker.busobservation", 
    "fields": {
      "bus": 7, 
      "location": "POINT (-73.9769739999999985 40.7660479999999978)", 
      "time": "2009-04-29 14:58:31"
    }
  }, 
  {
    "pk": 578, 
    "model": "tracker.busobservation", 
    "fields": {
      "bus": 7, 
      "location": "POINT (-73.9769739999999985 40.7660479999999978)", 
      "time": "2009-04-29 14:59:15"
    }
  }, 
  {
    "pk": 579, 
    "model": "tracker.busobservation", 
    "fields": {
      "bus": 7, 
      "location": "POINT (-73.9769739999999985 40.7659489999999991)", 
      "time": "2009-04-29 14:59:16"
    }
  }, 
  {
    "pk": 581, 
    "model": "tracker.busobservation", 
    "fields": {
      "bus": 7, 
      "location": "POINT (-73.9769739999999985 40.7659420000000026)", 
      "time": "2009-04-29 14:59:17"
    }
  }, 
  {
    "pk": 582, 
    "model": "tracker.busobservation", 
    "fields": {
      "bus": 7, 
      "location": "POINT (-73.9769739999999985 40.7659189999999967)", 
      "time": "2009-04-29 14:59:18"
    }
  }, 
  {
    "pk": 611, 
    "model": "tracker.busobservation", 
    "fields": {
      "bus": 7, 
      "location": "POINT (-73.9769739999999985 40.7659189999999967)", 
      "time": "2009-04-29 14:59:44"
    }
  }, 
  {
    "pk": 613, 
    "model": "tracker.busobservation", 
    "fields": {
      "bus": 7, 
      "location": "POINT (-73.9769359999999949 40.7658229999999975)", 
      "time": "2009-04-29 14:59:45"
    }
  }, 
  {
    "pk": 632, 
    "model": "tracker.busobservation", 
    "fields": {
      "bus": 7, 
      "location": "POINT (-73.9769359999999949 40.7658229999999975)", 
      "time": "2009-04-29 15:00:00"
    }
  }, 
  {
    "pk": 634, 
    "model": "tracker.busobservation", 
    "fields": {
      "bus": 7, 
      "location": "POINT (-73.9770429999999948 40.7657779999999974)", 
      "time": "2009-04-29 15:00:01"
    }
  }, 
  {
    "pk": 635, 
    "model": "tracker.busobservation", 
    "fields": {
      "bus": 7, 
      "location": "POINT (-73.9770429999999948 40.7657779999999974)", 
      "time": "2009-04-29 15:00:02"
    }
  }, 
  {
    "pk": 642, 
    "model": "tracker.busobservation", 
    "fields": {
      "bus": 7, 
      "location": "POINT (-73.9770429999999948 40.7657889999999981)", 
      "time": "2009-04-29 15:00:09"
    }
  }, 
  {
    "pk": 643, 
    "model": "tracker.busobservation", 
    "fields": {
      "bus": 7, 
      "location": "POINT (-73.9770659999999936 40.7658229999999975)", 
      "time": "2009-04-29 15:00:12"
    }
  }, 
  {
    "pk": 644, 
    "model": "tracker.busobservation", 
    "fields": {
      "bus": 7, 
      "location": "POINT (-73.9770659999999936 40.7658229999999975)", 
      "time": "2009-04-29 15:00:14"
    }
  }, 
  {
    "pk": 645, 
    "model": "tracker.busobservation", 
    "fields": {
      "bus": 7, 
      "location": "POINT (-73.9770659999999936 40.7658309999999986)", 
      "time": "2009-04-29 15:00:16"
    }
  }, 
  {
    "pk": 646, 
    "model": "tracker.busobservation", 
    "fields": {
      "bus": 7, 
      "location": "POINT (-73.9770659999999936 40.7658309999999986)", 
      "time": "2009-04-29 15:00:18"
    }
  }, 
  {
    "pk": 647, 
    "model": "tracker.busobservation", 
    "fields": {
      "bus": 7, 
      "location": "POINT (-73.9770429999999948 40.7658419999999992)", 
      "time": "2009-04-29 15:00:20"
    }
  }, 
  {
    "pk": 648, 
    "model": "tracker.busobservation", 
    "fields": {
      "bus": 7, 
      "location": "POINT (-73.9770429999999948 40.7658419999999992)", 
      "time": "2009-04-29 15:00:22"
    }
  }, 
  {
    "pk": 649, 
    "model": "tracker.busobservation", 
    "fields": {
      "bus": 7, 
      "location": "POINT (-73.9770429999999948 40.7658539999999974)", 
      "time": "2009-04-29 15:00:24"
    }
  }, 
  {
    "pk": 652, 
    "model": "tracker.busobservation", 
    "fields": {
      "bus": 7, 
      "location": "POINT (-73.9770429999999948 40.7658539999999974)", 
      "time": "2009-04-29 15:00:29"
    }
  }, 
  {
    "pk": 653, 
    "model": "tracker.busobservation", 
    "fields": {
      "bus": 7, 
      "location": "POINT (-73.9770429999999948 40.7658649999999980)", 
      "time": "2009-04-29 15:00:31"
    }
  }, 
  {
    "pk": 654, 
    "model": "tracker.busobservation", 
    "fields": {
      "bus": 7, 
      "location": "POINT (-73.9770429999999948 40.7658770000000032)", 
      "time": "2009-04-29 15:00:33"
    }
  }, 
  {
    "pk": 666, 
    "model": "tracker.busobservation", 
    "fields": {
      "bus": 7, 
      "location": "POINT (-73.9770429999999948 40.7658770000000032)", 
      "time": "2009-04-29 15:00:55"
    }
  }, 
  {
    "pk": 667, 
    "model": "tracker.busobservation", 
    "fields": {
      "bus": 7, 
      "location": "POINT (-73.9770809999999983 40.7659609999999972)", 
      "time": "2009-04-29 15:00:56"
    }
  }, 
  {
    "pk": 671, 
    "model": "tracker.busobservation", 
    "fields": {
      "bus": 7, 
      "location": "POINT (-73.9770809999999983 40.7659609999999972)", 
      "time": "2009-04-29 15:01:01"
    }
  }, 
  {
    "pk": 672, 
    "model": "tracker.busobservation", 
    "fields": {
      "bus": 7, 
      "location": "POINT (-73.9771729999999934 40.7659840000000031)", 
      "time": "2009-04-29 15:01:02"
    }
  }, 
  {
    "pk": 673, 
    "model": "tracker.busobservation", 
    "fields": {
      "bus": 7, 
      "location": "POINT (-73.9772949999999980 40.7659949999999967)", 
      "time": "2009-04-29 15:01:04"
    }
  }, 
  {
    "pk": 674, 
    "model": "tracker.busobservation", 
    "fields": {
      "bus": 7, 
      "location": "POINT (-73.9774699999999967 40.7660259999999965)", 
      "time": "2009-04-29 15:01:06"
    }
  }, 
  {
    "pk": 675, 
    "model": "tracker.busobservation", 
    "fields": {
      "bus": 7, 
      "location": "POINT (-73.9775769999999966 40.7660679999999971)", 
      "time": "2009-04-29 15:01:09"
    }
  }, 
  {
    "pk": 676, 
    "model": "tracker.busobservation", 
    "fields": {
      "bus": 7, 
      "location": "POINT (-73.9776229999999941 40.7661129999999972)", 
      "time": "2009-04-29 15:01:11"
    }
  }, 
  {
    "pk": 677, 
    "model": "tracker.busobservation", 
    "fields": {
      "bus": 7, 
      "location": "POINT (-73.9776229999999941 40.7661129999999972)", 
      "time": "2009-04-29 15:01:13"
    }
  }, 
  {
    "pk": 679, 
    "model": "tracker.busobservation", 
    "fields": {
      "bus": 7, 
      "location": "POINT (-73.9777299999999940 40.7661969999999982)", 
      "time": "2009-04-29 15:01:15"
    }
  }, 
  {
    "pk": 687, 
    "model": "tracker.busobservation", 
    "fields": {
      "bus": 7, 
      "location": "POINT (-73.9777299999999940 40.7661969999999982)", 
      "time": "2009-04-29 15:01:23"
    }
  }, 
  {
    "pk": 686, 
    "model": "tracker.busobservation", 
    "fields": {
      "bus": 7, 
      "location": "POINT (-73.9778139999999951 40.7662509999999969)", 
      "time": "2009-04-29 15:01:24"
    }
  }, 
  {
    "pk": 691, 
    "model": "tracker.busobservation", 
    "fields": {
      "bus": 7, 
      "location": "POINT (-73.9778139999999951 40.7662509999999969)", 
      "time": "2009-04-29 15:01:29"
    }
  }, 
  {
    "pk": 690, 
    "model": "tracker.busobservation", 
    "fields": {
      "bus": 7, 
      "location": "POINT (-73.9779209999999949 40.7662850000000034)", 
      "time": "2009-04-29 15:01:30"
    }
  }, 
  {
    "pk": 703, 
    "model": "tracker.busobservation", 
    "fields": {
      "bus": 7, 
      "location": "POINT (-73.9779209999999949 40.7662850000000034)", 
      "time": "2009-04-29 15:01:55"
    }
  }, 
  {
    "pk": 704, 
    "model": "tracker.busobservation", 
    "fields": {
      "bus": 7, 
      "location": "POINT (-73.9780499999999961 40.7662619999999976)", 
      "time": "2009-04-29 15:01:58"
    }
  }, 
  {
    "pk": 706, 
    "model": "tracker.busobservation", 
    "fields": {
      "bus": 7, 
      "location": "POINT (-73.9780499999999961 40.7662619999999976)", 
      "time": "2009-04-29 15:02:02"
    }
  }, 
  {
    "pk": 707, 
    "model": "tracker.busobservation", 
    "fields": {
      "bus": 7, 
      "location": "POINT (-73.9782639999999958 40.7662850000000034)", 
      "time": "2009-04-29 15:02:04"
    }
  }, 
  {
    "pk": 708, 
    "model": "tracker.busobservation", 
    "fields": {
      "bus": 7, 
      "location": "POINT (-73.9784389999999945 40.7663269999999969)", 
      "time": "2009-04-29 15:02:06"
    }
  }, 
  {
    "pk": 709, 
    "model": "tracker.busobservation", 
    "fields": {
      "bus": 7, 
      "location": "POINT (-73.9785839999999979 40.7663799999999981)", 
      "time": "2009-04-29 15:02:08"
    }
  }, 
  {
    "pk": 710, 
    "model": "tracker.busobservation", 
    "fields": {
      "bus": 7, 
      "location": "POINT (-73.9787599999999941 40.7664639999999991)", 
      "time": "2009-04-29 15:02:10"
    }
  }, 
  {
    "pk": 711, 
    "model": "tracker.busobservation", 
    "fields": {
      "bus": 7, 
      "location": "POINT (-73.9789279999999962 40.7665409999999966)", 
      "time": "2009-04-29 15:02:12"
    }
  }, 
  {
    "pk": 712, 
    "model": "tracker.busobservation", 
    "fields": {
      "bus": 7, 
      "location": "POINT (-73.9791029999999949 40.7666049999999984)", 
      "time": "2009-04-29 15:02:14"
    }
  }, 
  {
    "pk": 713, 
    "model": "tracker.busobservation", 
    "fields": {
      "bus": 7, 
      "location": "POINT (-73.9792709999999971 40.7666589999999971)", 
      "time": "2009-04-29 15:02:16"
    }
  }, 
  {
    "pk": 714, 
    "model": "tracker.busobservation", 
    "fields": {
      "bus": 7, 
      "location": "POINT (-73.9794239999999945 40.7667009999999976)", 
      "time": "2009-04-29 15:02:19"
    }
  }, 
  {
    "pk": 715, 
    "model": "tracker.busobservation", 
    "fields": {
      "bus": 7, 
      "location": "POINT (-73.9795909999999992 40.7667349999999971)", 
      "time": "2009-04-29 15:02:21"
    }
  }, 
  {
    "pk": 716, 
    "model": "tracker.busobservation", 
    "fields": {
      "bus": 7, 
      "location": "POINT (-73.9797899999999942 40.7667539999999988)", 
      "time": "2009-04-29 15:02:23"
    }
  }, 
  {
    "pk": 717, 
    "model": "tracker.busobservation", 
    "fields": {
      "bus": 7, 
      "location": "POINT (-73.9799349999999976 40.7666820000000030)", 
      "time": "2009-04-29 15:02:25"
    }
  }, 
  {
    "pk": 718, 
    "model": "tracker.busobservation", 
    "fields": {
      "bus": 7, 
      "location": "POINT (-73.9800259999999952 40.7665819999999997)", 
      "time": "2009-04-29 15:02:27"
    }
  }, 
  {
    "pk": 719, 
    "model": "tracker.busobservation", 
    "fields": {
      "bus": 7, 
      "location": "POINT (-73.9800259999999952 40.7664339999999967)", 
      "time": "2009-04-29 15:02:29"
    }
  }, 
  {
    "pk": 720, 
    "model": "tracker.busobservation", 
    "fields": {
      "bus": 7, 
      "location": "POINT (-73.9800419999999974 40.7663569999999993)", 
      "time": "2009-04-29 15:02:33"
    }
  }, 
  {
    "pk": 721, 
    "model": "tracker.busobservation", 
    "fields": {
      "bus": 7, 
      "location": "POINT (-73.9800869999999975 40.7663989999999998)", 
      "time": "2009-04-29 15:02:37"
    }
  }, 
  {
    "pk": 722, 
    "model": "tracker.busobservation", 
    "fields": {
      "bus": 7, 
      "location": "POINT (-73.9800259999999952 40.7663379999999975)", 
      "time": "2009-04-29 15:02:41"
    }
  }, 
  {
    "pk": 724, 
    "model": "tracker.busobservation", 
    "fields": {
      "bus": 7, 
      "location": "POINT (-73.9800259999999952 40.7663379999999975)", 
      "time": "2009-04-29 15:02:48"
    }
  }, 
  {
    "pk": 725, 
    "model": "tracker.busobservation", 
    "fields": {
      "bus": 7, 
      "location": "POINT (-73.9818499999999943 40.7646939999999987)", 
      "time": "2009-04-29 15:02:50"
    }
  }, 
  {
    "pk": 728, 
    "model": "tracker.busobservation", 
    "fields": {
      "bus": 7, 
      "location": "POINT (-73.9818499999999943 40.7646939999999987)", 
      "time": "2009-04-29 15:03:00"
    }
  }, 
  {
    "pk": 729, 
    "model": "tracker.busobservation", 
    "fields": {
      "bus": 7, 
      "location": "POINT (-73.9737400000000065 40.7643589999999989)", 
      "time": "2009-04-29 15:03:11"
    }
  }, 
  {
    "pk": 730, 
    "model": "tracker.busobservation", 
    "fields": {
      "bus": 7, 
      "location": "POINT (-73.9822309999999987 40.7642560000000032)", 
      "time": "2009-04-29 15:03:15"
    }
  }, 
  {
    "pk": 731, 
    "model": "tracker.busobservation", 
    "fields": {
      "bus": 7, 
      "location": "POINT (-73.9822309999999987 40.7642560000000032)", 
      "time": "2009-04-29 15:03:19"
    }
  }, 
  {
    "pk": 732, 
    "model": "tracker.busobservation", 
    "fields": {
      "bus": 7, 
      "location": "POINT (-73.9804759999999959 40.7647169999999974)", 
      "time": "2009-04-29 15:03:23"
    }
  }, 
  {
    "pk": 734, 
    "model": "tracker.busobservation", 
    "fields": {
      "bus": 7, 
      "location": "POINT (-73.9804759999999959 40.7647169999999974)", 
      "time": "2009-04-29 15:03:30"
    }
  }, 
  {
    "pk": 735, 
    "model": "tracker.busobservation", 
    "fields": {
      "bus": 7, 
      "location": "POINT (-73.9808199999999943 40.7675819999999973)", 
      "time": "2009-04-29 15:03:31"
    }
  }, 
  {
    "pk": 736, 
    "model": "tracker.busobservation", 
    "fields": {
      "bus": 7, 
      "location": "POINT (-73.9810329999999965 40.7683869999999970)", 
      "time": "2009-04-29 15:03:34"
    }
  }, 
  {
    "pk": 737, 
    "model": "tracker.busobservation", 
    "fields": {
      "bus": 7, 
      "location": "POINT (-73.9811859999999939 40.7688670000000002)", 
      "time": "2009-04-29 15:03:36"
    }
  }, 
  {
    "pk": 738, 
    "model": "tracker.busobservation", 
    "fields": {
      "bus": 7, 
      "location": "POINT (-73.9809269999999941 40.7693409999999972)", 
      "time": "2009-04-29 15:03:40"
    }
  }, 
  {
    "pk": 741, 
    "model": "tracker.busobservation", 
    "fields": {
      "bus": 7, 
      "location": "POINT (-73.9809269999999941 40.7693409999999972)", 
      "time": "2009-04-29 15:03:50"
    }
  }, 
  {
    "pk": 742, 
    "model": "tracker.busobservation", 
    "fields": {
      "bus": 7, 
      "location": "POINT (-73.9814379999999971 40.7656289999999970)", 
      "time": "2009-04-29 15:03:52"
    }
  }, 
  {
    "pk": 743, 
    "model": "tracker.busobservation", 
    "fields": {
      "bus": 7, 
      "location": "POINT (-73.9810710000000000 40.7646289999999993)", 
      "time": "2009-04-29 15:03:56"
    }
  }, 
  {
    "pk": 746, 
    "model": "tracker.busobservation", 
    "fields": {
      "bus": 7, 
      "location": "POINT (-73.9810710000000000 40.7646289999999993)", 
      "time": "2009-04-29 15:04:04"
    }
  }, 
  {
    "pk": 745, 
    "model": "tracker.busobservation", 
    "fields": {
      "bus": 7, 
      "location": "POINT (-73.9819789999999955 40.7640079999999969)", 
      "time": "2009-04-29 15:04:05"
    }
  }, 
  {
    "pk": 747, 
    "model": "tracker.busobservation", 
    "fields": {
      "bus": 7, 
      "location": "POINT (-73.9813539999999961 40.7642329999999973)", 
      "time": "2009-04-29 15:04:09"
    }
  }, 
  {
    "pk": 748, 
    "model": "tracker.busobservation", 
    "fields": {
      "bus": 7, 
      "location": "POINT (-73.9815059999999960 40.7645759999999981)", 
      "time": "2009-04-29 15:04:10"
    }
  }, 
  {
    "pk": 749, 
    "model": "tracker.busobservation", 
    "fields": {
      "bus": 7, 
      "location": "POINT (-73.9818039999999968 40.7642250000000033)", 
      "time": "2009-04-29 15:04:14"
    }
  }, 
  {
    "pk": 752, 
    "model": "tracker.busobservation", 
    "fields": {
      "bus": 7, 
      "location": "POINT (-73.9818039999999968 40.7642250000000033)", 
      "time": "2009-04-29 15:04:24"
    }
  }, 
  {
    "pk": 753, 
    "model": "tracker.busobservation", 
    "fields": {
      "bus": 7, 
      "location": "POINT (-73.9737400000000065 40.7643589999999989)", 
      "time": "2009-04-29 15:04:34"
    }
  }, 
  {
    "pk": 754, 
    "model": "tracker.busobservation", 
    "fields": {
      "bus": 7, 
      "location": "POINT (-73.9817500000000052 40.7626339999999985)", 
      "time": "2009-04-29 15:05:05"
    }
  }, 
  {
    "pk": 755, 
    "model": "tracker.busobservation", 
    "fields": {
      "bus": 7, 
      "location": "POINT (-73.9865879999999976 40.7622720000000029)", 
      "time": "2009-04-29 15:05:56"
    }
  }, 
  {
    "pk": 762, 
    "model": "tracker.busobservation", 
    "fields": {
      "bus": 7, 
      "location": "POINT (-73.9865879999999976 40.7622720000000029)", 
      "time": "2009-04-29 15:06:16"
    }
  }, 
  {
    "pk": 764, 
    "model": "tracker.busobservation", 
    "fields": {
      "bus": 7, 
      "location": "POINT (-73.9867629999999963 40.7620009999999979)", 
      "time": "2009-04-29 15:06:19"
    }
  }, 
  {
    "pk": 765, 
    "model": "tracker.busobservation", 
    "fields": {
      "bus": 7, 
      "location": "POINT (-73.9870379999999983 40.7621960000000030)", 
      "time": "2009-04-29 15:06:21"
    }
  }, 
  {
    "pk": 768, 
    "model": "tracker.busobservation", 
    "fields": {
      "bus": 7, 
      "location": "POINT (-73.9870379999999983 40.7621960000000030)", 
      "time": "2009-04-29 15:06:25"
    }
  }, 
  {
    "pk": 766, 
    "model": "tracker.busobservation", 
    "fields": {
      "bus": 7, 
      "location": "POINT (-73.9865649999999988 40.7617649999999969)", 
      "time": "2009-04-29 15:06:26"
    }
  }, 
  {
    "pk": 767, 
    "model": "tracker.busobservation", 
    "fields": {
      "bus": 7, 
      "location": "POINT (-73.9858629999999948 40.7610699999999966)", 
      "time": "2009-04-29 15:06:28"
    }
  }, 
  {
    "pk": 769, 
    "model": "tracker.busobservation", 
    "fields": {
      "bus": 7, 
      "location": "POINT (-73.9854969999999952 40.7607039999999969)", 
      "time": "2009-04-29 15:06:29"
    }
  }, 
  {
    "pk": 770, 
    "model": "tracker.busobservation", 
    "fields": {
      "bus": 7, 
      "location": "POINT (-73.9852139999999991 40.7606090000000023)", 
      "time": "2009-04-29 15:06:31"
    }
  }, 
  {
    "pk": 771, 
    "model": "tracker.busobservation", 
    "fields": {
      "bus": 7, 
      "location": "POINT (-73.9849779999999981 40.7605860000000035)", 
      "time": "2009-04-29 15:06:32"
    }
  }, 
  {
    "pk": 772, 
    "model": "tracker.busobservation", 
    "fields": {
      "bus": 7, 
      "location": "POINT (-73.9848709999999983 40.7606279999999970)", 
      "time": "2009-04-29 15:06:33"
    }
  }, 
  {
    "pk": 773, 
    "model": "tracker.busobservation", 
    "fields": {
      "bus": 7, 
      "location": "POINT (-73.9847029999999961 40.7606279999999970)", 
      "time": "2009-04-29 15:06:34"
    }
  }, 
  {
    "pk": 774, 
    "model": "tracker.busobservation", 
    "fields": {
      "bus": 7, 
      "location": "POINT (-73.9843369999999965 40.7608109999999968)", 
      "time": "2009-04-29 15:06:36"
    }
  }, 
  {
    "pk": 775, 
    "model": "tracker.busobservation", 
    "fields": {
      "bus": 7, 
      "location": "POINT (-73.9840549999999979 40.7610049999999973)", 
      "time": "2009-04-29 15:06:38"
    }
  }, 
  {
    "pk": 776, 
    "model": "tracker.busobservation", 
    "fields": {
      "bus": 7, 
      "location": "POINT (-73.9837799999999959 40.7611429999999970)", 
      "time": "2009-04-29 15:06:40"
    }
  }, 
  {
    "pk": 777, 
    "model": "tracker.busobservation", 
    "fields": {
      "bus": 7, 
      "location": "POINT (-73.9838179999999994 40.7612499999999969)", 
      "time": "2009-04-29 15:06:42"
    }
  }, 
  {
    "pk": 778, 
    "model": "tracker.busobservation", 
    "fields": {
      "bus": 7, 
      "location": "POINT (-73.9838409999999982 40.7613789999999980)", 
      "time": "2009-04-29 15:06:44"
    }
  }, 
  {
    "pk": 779, 
    "model": "tracker.busobservation", 
    "fields": {
      "bus": 7, 
      "location": "POINT (-73.9851910000000004 40.7619290000000021)", 
      "time": "2009-04-29 15:06:49"
    }
  }, 
  {
    "pk": 780, 
    "model": "tracker.busobservation", 
    "fields": {
      "bus": 7, 
      "location": "POINT (-73.9854739999999964 40.7623669999999976)", 
      "time": "2009-04-29 15:06:51"
    }
  }, 
  {
    "pk": 781, 
    "model": "tracker.busobservation", 
    "fields": {
      "bus": 7, 
      "location": "POINT (-73.9854969999999952 40.7627639999999971)", 
      "time": "2009-04-29 15:06:53"
    }
  }, 
  {
    "pk": 782, 
    "model": "tracker.busobservation", 
    "fields": {
      "bus": 7, 
      "location": "POINT (-73.9854969999999952 40.7630959999999973)", 
      "time": "2009-04-29 15:06:55"
    }
  }, 
  {
    "pk": 783, 
    "model": "tracker.busobservation", 
    "fields": {
      "bus": 7, 
      "location": "POINT (-73.9854969999999952 40.7633859999999970)", 
      "time": "2009-04-29 15:06:57"
    }
  }, 
  {
    "pk": 784, 
    "model": "tracker.busobservation", 
    "fields": {
      "bus": 7, 
      "location": "POINT (-73.9854969999999952 40.7633859999999970)", 
      "time": "2009-04-29 15:07:02"
    }
  }, 
  {
    "pk": 785, 
    "model": "tracker.busobservation", 
    "fields": {
      "bus": 7, 
      "location": "POINT (-73.9851069999999993 40.7629239999999982)", 
      "time": "2009-04-29 15:07:03"
    }
  }, 
  {
    "pk": 786, 
    "model": "tracker.busobservation", 
    "fields": {
      "bus": 7, 
      "location": "POINT (-73.9853209999999990 40.7619479999999967)", 
      "time": "2009-04-29 15:07:07"
    }
  }, 
  {
    "pk": 787, 
    "model": "tracker.busobservation", 
    "fields": {
      "bus": 7, 
      "location": "POINT (-73.9856489999999951 40.7619169999999968)", 
      "time": "2009-04-29 15:07:10"
    }
  }, 
  {
    "pk": 788, 
    "model": "tracker.busobservation", 
    "fields": {
      "bus": 7, 
      "location": "POINT (-73.9855579999999975 40.7611240000000024)", 
      "time": "2009-04-29 15:07:12"
    }
  }, 
  {
    "pk": 789, 
    "model": "tracker.busobservation", 
    "fields": {
      "bus": 7, 
      "location": "POINT (-73.9857939999999985 40.7602649999999969)", 
      "time": "2009-04-29 15:07:14"
    }
  }, 
  {
    "pk": 790, 
    "model": "tracker.busobservation", 
    "fields": {
      "bus": 7, 
      "location": "POINT (-73.9859009999999984 40.7600399999999965)", 
      "time": "2009-04-29 15:07:17"
    }
  }, 
  {
    "pk": 791, 
    "model": "tracker.busobservation", 
    "fields": {
      "bus": 7, 
      "location": "POINT (-73.9859009999999984 40.7600399999999965)", 
      "time": "2009-04-29 15:07:22"
    }
  }, 
  {
    "pk": 792, 
    "model": "tracker.busobservation", 
    "fields": {
      "bus": 7, 
      "location": "POINT (-73.9858399999999961 40.7593079999999972)", 
      "time": "2009-04-29 15:07:24"
    }
  }, 
  {
    "pk": 793, 
    "model": "tracker.busobservation", 
    "fields": {
      "bus": 7, 
      "location": "POINT (-73.9853899999999953 40.7589040000000011)", 
      "time": "2009-04-29 15:07:28"
    }
  }, 
  {
    "pk": 794, 
    "model": "tracker.busobservation", 
    "fields": {
      "bus": 7, 
      "location": "POINT (-73.9851910000000004 40.7587509999999966)", 
      "time": "2009-04-29 15:07:32"
    }
  }, 
  {
    "pk": 795, 
    "model": "tracker.busobservation", 
    "fields": {
      "bus": 7, 
      "location": "POINT (-73.9855799999999988 40.7590179999999975)", 
      "time": "2009-04-29 15:07:37"
    }
  }, 
  {
    "pk": 796, 
    "model": "tracker.busobservation", 
    "fields": {
      "bus": 7, 
      "location": "POINT (-73.9847029999999961 40.7597809999999967)", 
      "time": "2009-04-29 15:07:41"
    }
  }, 
  {
    "pk": 797, 
    "model": "tracker.busobservation", 
    "fields": {
      "bus": 7, 
      "location": "POINT (-73.9842299999999966 40.7602419999999981)", 
      "time": "2009-04-29 15:07:45"
    }
  }, 
  {
    "pk": 798, 
    "model": "tracker.busobservation", 
    "fields": {
      "bus": 7, 
      "location": "POINT (-73.9840159999999969 40.7605020000000025)", 
      "time": "2009-04-29 15:07:47"
    }
  }, 
  {
    "pk": 799, 
    "model": "tracker.busobservation", 
    "fields": {
      "bus": 7, 
      "location": "POINT (-73.9842529999999954 40.7602199999999968)", 
      "time": "2009-04-29 15:07:50"
    }
  }, 
  {
    "pk": 800, 
    "model": "tracker.busobservation", 
    "fields": {
      "bus": 7, 
      "location": "POINT (-73.9842529999999954 40.7602199999999968)", 
      "time": "2009-04-29 15:07:56"
    }
  }, 
  {
    "pk": 801, 
    "model": "tracker.busobservation", 
    "fields": {
      "bus": 7, 
      "location": "POINT (-73.9861149999999981 40.7601360000000028)", 
      "time": "2009-04-29 15:07:58"
    }
  }, 
  {
    "pk": 802, 
    "model": "tracker.busobservation", 
    "fields": {
      "bus": 7, 
      "location": "POINT (-73.9866789999999952 40.7600290000000030)", 
      "time": "2009-04-29 15:08:02"
    }
  }, 
  {
    "pk": 803, 
    "model": "tracker.busobservation", 
    "fields": {
      "bus": 7, 
      "location": "POINT (-73.9864199999999954 40.7599950000000035)", 
      "time": "2009-04-29 15:08:06"
    }
  }, 
  {
    "pk": 804, 
    "model": "tracker.busobservation", 
    "fields": {
      "bus": 7, 
      "location": "POINT (-73.9846189999999950 40.7583890000000011)", 
      "time": "2009-04-29 15:08:10"
    }
  }, 
  {
    "pk": 807, 
    "model": "tracker.busobservation", 
    "fields": {
      "bus": 7, 
      "location": "POINT (-73.9846189999999950 40.7583890000000011)", 
      "time": "2009-04-29 15:08:20"
    }
  }, 
  {
    "pk": 808, 
    "model": "tracker.busobservation", 
    "fields": {
      "bus": 7, 
      "location": "POINT (-73.9817500000000052 40.7626339999999985)", 
      "time": "2009-04-29 15:08:34"
    }
  }, 
  {
    "pk": 809, 
    "model": "tracker.busobservation", 
    "fields": {
      "bus": 7, 
      "location": "POINT (-73.9840389999999957 40.7606279999999970)", 
      "time": "2009-04-29 15:08:35"
    }
  }, 
  {
    "pk": 810, 
    "model": "tracker.busobservation", 
    "fields": {
      "bus": 7, 
      "location": "POINT (-73.9848709999999983 40.7602199999999968)", 
      "time": "2009-04-29 15:08:39"
    }
  }, 
  {
    "pk": 811, 
    "model": "tracker.busobservation", 
    "fields": {
      "bus": 7, 
      "location": "POINT (-73.9852139999999991 40.7599950000000035)", 
      "time": "2009-04-29 15:08:41"
    }
  }, 
  {
    "pk": 812, 
    "model": "tracker.busobservation", 
    "fields": {
      "bus": 7, 
      "location": "POINT (-73.9860079999999982 40.7593729999999965)", 
      "time": "2009-04-29 15:08:44"
    }
  }, 
  {
    "pk": 813, 
    "model": "tracker.busobservation", 
    "fields": {
      "bus": 7, 
      "location": "POINT (-73.9860079999999982 40.7593729999999965)", 
      "time": "2009-04-29 15:08:50"
    }
  }, 
  {
    "pk": 814, 
    "model": "tracker.busobservation", 
    "fields": {
      "bus": 7, 
      "location": "POINT (-73.9853439999999978 40.7610049999999973)", 
      "time": "2009-04-29 15:08:52"
    }
  }, 
  {
    "pk": 815, 
    "model": "tracker.busobservation", 
    "fields": {
      "bus": 7, 
      "location": "POINT (-73.9841610000000003 40.7613070000000022)", 
      "time": "2009-04-29 15:08:54"
    }
  }, 
  {
    "pk": 816, 
    "model": "tracker.busobservation", 
    "fields": {
      "bus": 7, 
      "location": "POINT (-73.9847259999999949 40.7603489999999979)", 
      "time": "2009-04-29 15:08:56"
    }
  }, 
  {
    "pk": 817, 
    "model": "tracker.busobservation", 
    "fields": {
      "bus": 7, 
      "location": "POINT (-73.9853439999999978 40.7596210000000028)", 
      "time": "2009-04-29 15:08:58"
    }
  }, 
  {
    "pk": 818, 
    "model": "tracker.busobservation", 
    "fields": {
      "bus": 7, 
      "location": "POINT (-73.9852829999999955 40.7592470000000020)", 
      "time": "2009-04-29 15:09:00"
    }
  }, 
  {
    "pk": 821, 
    "model": "tracker.busobservation", 
    "fields": {
      "bus": 7, 
      "location": "POINT (-73.9858399999999961 40.7594070000000031)", 
      "time": "2009-04-29 15:09:04"
    }
  }, 
  {
    "pk": 820, 
    "model": "tracker.busobservation", 
    "fields": {
      "bus": 7, 
      "location": "POINT (-73.9856639999999999 40.7582469999999972)", 
      "time": "2009-04-29 15:09:06"
    }
  }, 
  {
    "pk": 819, 
    "model": "tracker.busobservation", 
    "fields": {
      "bus": 7, 
      "location": "POINT (-73.9854969999999952 40.7577969999999965)", 
      "time": "2009-04-29 15:09:08"
    }
  }, 
  {
    "pk": 822, 
    "model": "tracker.busobservation", 
    "fields": {
      "bus": 7, 
      "location": "POINT (-73.9853899999999953 40.7574540000000027)", 
      "time": "2009-04-29 15:09:10"
    }
  }, 
  {
    "pk": 823, 
    "model": "tracker.busobservation", 
    "fields": {
      "bus": 7, 
      "location": "POINT (-73.9858169999999973 40.7576899999999966)", 
      "time": "2009-04-29 15:09:13"
    }
  }, 
  {
    "pk": 824, 
    "model": "tracker.busobservation", 
    "fields": {
      "bus": 7, 
      "location": "POINT (-73.9854279999999989 40.7580450000000027)", 
      "time": "2009-04-29 15:09:14"
    }
  }, 
  {
    "pk": 825, 
    "model": "tracker.busobservation", 
    "fields": {
      "bus": 7, 
      "location": "POINT (-73.9852829999999955 40.7580340000000021)", 
      "time": "2009-04-29 15:09:15"
    }
  }, 
  {
    "pk": 826, 
    "model": "tracker.busobservation", 
    "fields": {
      "bus": 7, 
      "location": "POINT (-73.9850229999999982 40.7580110000000033)", 
      "time": "2009-04-29 15:09:16"
    }
  }, 
  {
    "pk": 827, 
    "model": "tracker.busobservation", 
    "fields": {
      "bus": 7, 
      "location": "POINT (-73.9847409999999996 40.7579800000000034)", 
      "time": "2009-04-29 15:09:17"
    }
  }, 
  {
    "pk": 828, 
    "model": "tracker.busobservation", 
    "fields": {
      "bus": 7, 
      "location": "POINT (-73.9847259999999949 40.7580340000000021)", 
      "time": "2009-04-29 15:09:19"
    }
  }, 
  {
    "pk": 829, 
    "model": "tracker.busobservation", 
    "fields": {
      "bus": 7, 
      "location": "POINT (-73.9853899999999953 40.7582779999999971)", 
      "time": "2009-04-29 15:09:21"
    }
  }, 
  {
    "pk": 840, 
    "model": "tracker.busobservation", 
    "fields": {
      "bus": 7, 
      "location": "POINT (-73.9853899999999953 40.7582779999999971)", 
      "time": "2009-04-29 15:09:44"
    }
  }, 
  {
    "pk": 841, 
    "model": "tracker.busobservation", 
    "fields": {
      "bus": 7, 
      "location": "POINT (-73.9856029999999976 40.7581599999999966)", 
      "time": "2009-04-29 15:09:46"
    }
  }, 
  {
    "pk": 852, 
    "model": "tracker.busobservation", 
    "fields": {
      "bus": 7, 
      "location": "POINT (-73.9856029999999976 40.7581599999999966)", 
      "time": "2009-04-29 15:10:12"
    }
  }, 
  {
    "pk": 853, 
    "model": "tracker.busobservation", 
    "fields": {
      "bus": 7, 
      "location": "POINT (-73.9857559999999950 40.7584299999999971)", 
      "time": "2009-04-29 15:10:14"
    }
  }, 
  {
    "pk": 856, 
    "model": "tracker.busobservation", 
    "fields": {
      "bus": 7, 
      "location": "POINT (-73.9857559999999950 40.7584299999999971)", 
      "time": "2009-04-29 15:10:23"
    }
  }, 
  {
    "pk": 857, 
    "model": "tracker.busobservation", 
    "fields": {
      "bus": 7, 
      "location": "POINT (-73.9861369999999994 40.7583890000000011)", 
      "time": "2009-04-29 15:10:25"
    }
  }, 
  {
    "pk": 859, 
    "model": "tracker.busobservation", 
    "fields": {
      "bus": 7, 
      "location": "POINT (-73.9861369999999994 40.7583890000000011)", 
      "time": "2009-04-29 15:10:32"
    }
  }, 
  {
    "pk": 861, 
    "model": "tracker.busobservation", 
    "fields": {
      "bus": 7, 
      "location": "POINT (-73.9868009999999998 40.7580450000000027)", 
      "time": "2009-04-29 15:10:35"
    }
  }, 
  {
    "pk": 864, 
    "model": "tracker.busobservation", 
    "fields": {
      "bus": 7, 
      "location": "POINT (-73.9868009999999998 40.7580450000000027)", 
      "time": "2009-04-29 15:10:43"
    }
  }, 
  {
    "pk": 865, 
    "model": "tracker.busobservation", 
    "fields": {
      "bus": 7, 
      "location": "POINT (-73.9865879999999976 40.7570040000000020)", 
      "time": "2009-04-29 15:10:48"
    }
  }, 
  {
    "pk": 866, 
    "model": "tracker.busobservation", 
    "fields": {
      "bus": 7, 
      "location": "POINT (-73.9865879999999976 40.7570040000000020)", 
      "time": "2009-04-29 15:10:52"
    }
  }, 
  {
    "pk": 867, 
    "model": "tracker.busobservation", 
    "fields": {
      "bus": 7, 
      "location": "POINT (-73.9865879999999976 40.7567140000000023)", 
      "time": "2009-04-29 15:10:56"
    }
  }, 
  {
    "pk": 872, 
    "model": "tracker.busobservation", 
    "fields": {
      "bus": 7, 
      "location": "POINT (-73.9865879999999976 40.7567140000000023)", 
      "time": "2009-04-29 15:11:04"
    }
  }, 
  {
    "pk": 873, 
    "model": "tracker.busobservation", 
    "fields": {
      "bus": 7, 
      "location": "POINT (-73.9862669999999980 40.7563710000000015)", 
      "time": "2009-04-29 15:11:06"
    }
  }, 
  {
    "pk": 874, 
    "model": "tracker.busobservation", 
    "fields": {
      "bus": 7, 
      "location": "POINT (-73.9863969999999966 40.7558670000000021)", 
      "time": "2009-04-29 15:11:10"
    }
  }, 
  {
    "pk": 875, 
    "model": "tracker.busobservation", 
    "fields": {
      "bus": 7, 
      "location": "POINT (-73.9867859999999951 40.7560270000000031)", 
      "time": "2009-04-29 15:11:14"
    }
  }, 
  {
    "pk": 878, 
    "model": "tracker.busobservation", 
    "fields": {
      "bus": 7, 
      "location": "POINT (-73.9867859999999951 40.7560270000000031)", 
      "time": "2009-04-29 15:11:24"
    }
  }, 
  {
    "pk": 879, 
    "model": "tracker.busobservation", 
    "fields": {
      "bus": 7, 
      "location": "POINT (-73.9876399999999990 40.7551350000000028)", 
      "time": "2009-04-29 15:11:27"
    }
  }, 
  {
    "pk": 880, 
    "model": "tracker.busobservation", 
    "fields": {
      "bus": 7, 
      "location": "POINT (-73.9864429999999942 40.7559619999999967)", 
      "time": "2009-04-29 15:11:31"
    }
  }, 
  {
    "pk": 890, 
    "model": "tracker.busobservation", 
    "fields": {
      "bus": 7, 
      "location": "POINT (-73.9864429999999942 40.7559619999999967)", 
      "time": "2009-04-29 15:11:56"
    }
  }, 
  {
    "pk": 893, 
    "model": "tracker.busobservation", 
    "fields": {
      "bus": 7, 
      "location": "POINT (-73.9864579999999989 40.7555959999999970)", 
      "time": "2009-04-29 15:12:00"
    }
  }, 
  {
    "pk": 887, 
    "model": "tracker.busobservation", 
    "fields": {
      "bus": 7, 
      "location": "POINT (-73.9868929999999949 40.7550510000000017)", 
      "time": "2009-04-29 15:12:03"
    }
  }, 
  {
    "pk": 891, 
    "model": "tracker.busobservation", 
    "fields": {
      "bus": 7, 
      "location": "POINT (-73.9883729999999957 40.7547720000000027)", 
      "time": "2009-04-29 15:12:08"
    }
  }, 
  {
    "pk": 886, 
    "model": "tracker.busobservation", 
    "fields": {
      "bus": 7, 
      "location": "POINT (-73.9888839999999988 40.7544820000000030)", 
      "time": "2009-04-29 15:12:12"
    }
  }, 
  {
    "pk": 892, 
    "model": "tracker.busobservation", 
    "fields": {
      "bus": 7, 
      "location": "POINT (-73.9888839999999988 40.7544820000000030)", 
      "time": "2009-04-29 15:12:22"
    }
  }, 
  {
    "pk": 897, 
    "model": "tracker.busobservation", 
    "fields": {
      "bus": 7, 
      "location": "POINT (-73.9887769999999989 40.7563060000000021)", 
      "time": "2009-04-29 15:12:36"
    }
  }, 
  {
    "pk": 900, 
    "model": "tracker.busobservation", 
    "fields": {
      "bus": 7, 
      "location": "POINT (-73.9887769999999989 40.7563060000000021)", 
      "time": "2009-04-29 15:12:50"
    }
  }, 
  {
    "pk": 901, 
    "model": "tracker.busobservation", 
    "fields": {
      "bus": 7, 
      "location": "POINT (-73.9885639999999967 40.7551040000000029)", 
      "time": "2009-04-29 15:12:52"
    }
  }, 
  {
    "pk": 903, 
    "model": "tracker.busobservation", 
    "fields": {
      "bus": 7, 
      "location": "POINT (-73.9885639999999967 40.7551040000000029)", 
      "time": "2009-04-29 15:13:00"
    }
  }, 
  {
    "pk": 904, 
    "model": "tracker.busobservation", 
    "fields": {
      "bus": 7, 
      "location": "POINT (-73.9898069999999990 40.7551800000000028)", 
      "time": "2009-04-29 15:13:01"
    }
  }, 
  {
    "pk": 907, 
    "model": "tracker.busobservation", 
    "fields": {
      "bus": 7, 
      "location": "POINT (-73.9898069999999990 40.7551800000000028)", 
      "time": "2009-04-29 15:13:10"
    }
  }, 
  {
    "pk": 908, 
    "model": "tracker.busobservation", 
    "fields": {
      "bus": 7, 
      "location": "POINT (-73.9868770000000069 40.7532500000000013)", 
      "time": "2009-04-29 15:13:20"
    }
  }, 
  {
    "pk": 909, 
    "model": "tracker.busobservation", 
    "fields": {
      "bus": 7, 
      "location": "POINT (-73.9871289999999959 40.7530209999999968)", 
      "time": "2009-04-29 15:18:15"
    }
  }, 
  {
    "pk": 914, 
    "model": "tracker.busobservation", 
    "fields": {
      "bus": 7, 
      "location": "POINT (-73.9871289999999959 40.7530209999999968)", 
      "time": "2009-04-29 15:18:22"
    }
  }, 
  {
    "pk": 915, 
    "model": "tracker.busobservation", 
    "fields": {
      "bus": 7, 
      "location": "POINT (-73.9875949999999989 40.7530330000000021)", 
      "time": "2009-04-29 15:18:23"
    }
  }, 
  {
    "pk": 928, 
    "model": "tracker.busobservation", 
    "fields": {
      "bus": 7, 
      "location": "POINT (-73.9875949999999989 40.7530330000000021)", 
      "time": "2009-04-29 15:19:02"
    }
  }, 
  {
    "pk": 929, 
    "model": "tracker.busobservation", 
    "fields": {
      "bus": 7, 
      "location": "POINT (-73.9873429999999956 40.7514570000000020)", 
      "time": "2009-04-29 15:19:09"
    }
  }, 
  {
    "pk": 933, 
    "model": "tracker.busobservation", 
    "fields": {
      "bus": 7, 
      "location": "POINT (-73.9873429999999956 40.7514570000000020)", 
      "time": "2009-04-29 15:19:17"
    }
  }, 
  {
    "pk": 932, 
    "model": "tracker.busobservation", 
    "fields": {
      "bus": 7, 
      "location": "POINT (-73.9875949999999989 40.7512320000000017)", 
      "time": "2009-04-29 15:19:21"
    }
  }, 
  {
    "pk": 936, 
    "model": "tracker.busobservation", 
    "fields": {
      "bus": 7, 
      "location": "POINT (-73.9875949999999989 40.7512320000000017)", 
      "time": "2009-04-29 15:19:26"
    }
  }, 
  {
    "pk": 937, 
    "model": "tracker.busobservation", 
    "fields": {
      "bus": 7, 
      "location": "POINT (-73.9877469999999988 40.7509500000000031)", 
      "time": "2009-04-29 15:19:28"
    }
  }, 
  {
    "pk": 940, 
    "model": "tracker.busobservation", 
    "fields": {
      "bus": 7, 
      "location": "POINT (-73.9877469999999988 40.7509500000000031)", 
      "time": "2009-04-29 15:19:34"
    }
  }, 
  {
    "pk": 941, 
    "model": "tracker.busobservation", 
    "fields": {
      "bus": 7, 
      "location": "POINT (-73.9879839999999973 40.7506940000000029)", 
      "time": "2009-04-29 15:19:35"
    }
  }, 
  {
    "pk": 957, 
    "model": "tracker.busobservation", 
    "fields": {
      "bus": 7, 
      "location": "POINT (-73.9879839999999973 40.7506940000000029)", 
      "time": "2009-04-29 15:19:56"
    }
  }, 
  {
    "pk": 958, 
    "model": "tracker.busobservation", 
    "fields": {
      "bus": 7, 
      "location": "POINT (-73.9876399999999990 40.7508130000000008)", 
      "time": "2009-04-29 15:19:57"
    }
  }, 
  {
    "pk": 966, 
    "model": "tracker.busobservation", 
    "fields": {
      "bus": 7, 
      "location": "POINT (-73.9876399999999990 40.7508130000000008)", 
      "time": "2009-04-29 15:20:10"
    }
  }, 
  {
    "pk": 967, 
    "model": "tracker.busobservation", 
    "fields": {
      "bus": 7, 
      "location": "POINT (-73.9874039999999979 40.7510150000000024)", 
      "time": "2009-04-29 15:20:13"
    }
  }, 
  {
    "pk": 978, 
    "model": "tracker.busobservation", 
    "fields": {
      "bus": 7, 
      "location": "POINT (-73.9874039999999979 40.7510150000000024)", 
      "time": "2009-04-29 15:20:37"
    }
  }, 
  {
    "pk": 979, 
    "model": "tracker.busobservation", 
    "fields": {
      "bus": 7, 
      "location": "POINT (-73.9878159999999951 40.7506290000000035)", 
      "time": "2009-04-29 15:20:39"
    }
  }, 
  {
    "pk": 981, 
    "model": "tracker.busobservation", 
    "fields": {
      "bus": 7, 
      "location": "POINT (-73.9878159999999951 40.7506290000000035)", 
      "time": "2009-04-29 15:20:42"
    }
  }, 
  {
    "pk": 982, 
    "model": "tracker.busobservation", 
    "fields": {
      "bus": 7, 
      "location": "POINT (-73.9880519999999962 40.7501559999999969)", 
      "time": "2009-04-29 15:20:48"
    }
  }, 
  {
    "pk": 1036, 
    "model": "tracker.busobservation", 
    "fields": {
      "bus": 7, 
      "location": "POINT (-73.9880519999999962 40.7501559999999969)", 
      "time": "2009-04-29 15:24:06"
    }
  }, 
  {
    "pk": 1037, 
    "model": "tracker.busobservation", 
    "fields": {
      "bus": 7, 
      "location": "POINT (-73.9884569999999968 40.7495230000000035)", 
      "time": "2009-04-29 15:24:10"
    }
  }, 
  {
    "pk": 1038, 
    "model": "tracker.busobservation", 
    "fields": {
      "bus": 7, 
      "location": "POINT (-73.9882429999999971 40.7486460000000008)", 
      "time": "2009-04-29 15:24:14"
    }
  }, 
  {
    "pk": 1039, 
    "model": "tracker.busobservation", 
    "fields": {
      "bus": 7, 
      "location": "POINT (-73.9880519999999962 40.7481730000000013)", 
      "time": "2009-04-29 15:24:18"
    }
  }, 
  {
    "pk": 1043, 
    "model": "tracker.busobservation", 
    "fields": {
      "bus": 7, 
      "location": "POINT (-73.9880519999999962 40.7481730000000013)", 
      "time": "2009-04-29 15:24:30"
    }
  }, 
  {
    "pk": 1042, 
    "model": "tracker.busobservation", 
    "fields": {
      "bus": 7, 
      "location": "POINT (-73.9877699999999976 40.7475620000000021)", 
      "time": "2009-04-29 15:24:31"
    }
  }, 
  {
    "pk": 1062, 
    "model": "tracker.busobservation", 
    "fields": {
      "bus": 7, 
      "location": "POINT (-73.9868770000000069 40.7532500000000013)", 
      "time": "2009-04-29 15:25:46"
    }
  }, 
  {
    "pk": 1068, 
    "model": "tracker.busobservation", 
    "fields": {
      "bus": 7, 
      "location": "POINT (-73.9877699999999976 40.7475620000000021)", 
      "time": "2009-04-29 15:26:01"
    }
  }, 
  {
    "pk": 1069, 
    "model": "tracker.busobservation", 
    "fields": {
      "bus": 7, 
      "location": "POINT (-73.9883269999999982 40.7464980000000025)", 
      "time": "2009-04-29 15:26:06"
    }
  }, 
  {
    "pk": 1072, 
    "model": "tracker.busobservation", 
    "fields": {
      "bus": 7, 
      "location": "POINT (-73.9886089999999967 40.7459640000000007)", 
      "time": "2009-04-29 15:26:11"
    }
  }, 
  {
    "pk": 1070, 
    "model": "tracker.busobservation", 
    "fields": {
      "bus": 7, 
      "location": "POINT (-73.9888610000000000 40.7456209999999999)", 
      "time": "2009-04-29 15:26:15"
    }
  }, 
  {
    "pk": 1074, 
    "model": "tracker.busobservation", 
    "fields": {
      "bus": 7, 
      "location": "POINT (-73.9888610000000000 40.7456209999999999)", 
      "time": "2009-04-29 15:26:23"
    }
  }, 
  {
    "pk": 1075, 
    "model": "tracker.busobservation", 
    "fields": {
      "bus": 7, 
      "location": "POINT (-73.9893110000000007 40.7451480000000004)", 
      "time": "2009-04-29 15:26:27"
    }
  }, 
  {
    "pk": 1090, 
    "model": "tracker.busobservation", 
    "fields": {
      "bus": 7, 
      "location": "POINT (-73.9893110000000007 40.7451480000000004)", 
      "time": "2009-04-29 15:27:21"
    }
  }, 
  {
    "pk": 1091, 
    "model": "tracker.busobservation", 
    "fields": {
      "bus": 7, 
      "location": "POINT (-73.9887540000000001 40.7449230000000000)", 
      "time": "2009-04-29 15:27:25"
    }
  }, 
  {
    "pk": 1092, 
    "model": "tracker.busobservation", 
    "fields": {
      "bus": 7, 
      "location": "POINT (-73.9888229999999965 40.7446330000000003)", 
      "time": "2009-04-29 15:27:29"
    }
  }, 
  {
    "pk": 1103, 
    "model": "tracker.busobservation", 
    "fields": {
      "bus": 7, 
      "location": "POINT (-73.9888229999999965 40.7446330000000003)", 
      "time": "2009-04-29 15:27:56"
    }
  }, 
  {
    "pk": 1104, 
    "model": "tracker.busobservation", 
    "fields": {
      "bus": 7, 
      "location": "POINT (-73.9918980000000062 40.7431490000000025)", 
      "time": "2009-04-29 15:28:35"
    }
  }, 
  {
    "pk": 1105, 
    "model": "tracker.busobservation", 
    "fields": {
      "bus": 7, 
      "location": "POINT (-73.9889529999999951 40.7425959999999989)", 
      "time": "2009-04-29 15:28:36"
    }
  }, 
  {
    "pk": 1111, 
    "model": "tracker.busobservation", 
    "fields": {
      "bus": 7, 
      "location": "POINT (-73.9889529999999951 40.7425959999999989)", 
      "time": "2009-04-29 15:28:53"
    }
  }, 
  {
    "pk": 1113, 
    "model": "tracker.busobservation", 
    "fields": {
      "bus": 7, 
      "location": "POINT (-73.9886470000000003 40.7427980000000005)", 
      "time": "2009-04-29 15:28:55"
    }
  }, 
  {
    "pk": 1120, 
    "model": "tracker.busobservation", 
    "fields": {
      "bus": 7, 
      "location": "POINT (-73.9886470000000003 40.7427980000000005)", 
      "time": "2009-04-29 15:29:10"
    }
  }, 
  {
    "pk": 1121, 
    "model": "tracker.busobservation", 
    "fields": {
      "bus": 7, 
      "location": "POINT (-73.9890819999999962 40.7429050000000004)", 
      "time": "2009-04-29 15:29:12"
    }
  }, 
  {
    "pk": 1131, 
    "model": "tracker.busobservation", 
    "fields": {
      "bus": 7, 
      "location": "POINT (-73.9890819999999962 40.7429050000000004)", 
      "time": "2009-04-29 15:29:24"
    }
  }, 
  {
    "pk": 1133, 
    "model": "tracker.busobservation", 
    "fields": {
      "bus": 7, 
      "location": "POINT (-73.9894259999999946 40.7428090000000012)", 
      "time": "2009-04-29 15:29:26"
    }
  }, 
  {
    "pk": 1138, 
    "model": "tracker.busobservation", 
    "fields": {
      "bus": 7, 
      "location": "POINT (-73.9894259999999946 40.7428090000000012)", 
      "time": "2009-04-29 15:29:32"
    }
  }, 
  {
    "pk": 1139, 
    "model": "tracker.busobservation", 
    "fields": {
      "bus": 7, 
      "location": "POINT (-73.9893799999999970 40.7426680000000019)", 
      "time": "2009-04-29 15:29:35"
    }
  }, 
  {
    "pk": 1140, 
    "model": "tracker.busobservation", 
    "fields": {
      "bus": 7, 
      "location": "POINT (-73.9892959999999960 40.7426150000000007)", 
      "time": "2009-04-29 15:29:37"
    }
  }, 
  {
    "pk": 1141, 
    "model": "tracker.busobservation", 
    "fields": {
      "bus": 7, 
      "location": "POINT (-73.9892499999999984 40.7425500000000014)", 
      "time": "2009-04-29 15:29:39"
    }
  }, 
  {
    "pk": 1144, 
    "model": "tracker.busobservation", 
    "fields": {
      "bus": 7, 
      "location": "POINT (-73.9892499999999984 40.7425500000000014)", 
      "time": "2009-04-29 15:29:46"
    }
  }, 
  {
    "pk": 1145, 
    "model": "tracker.busobservation", 
    "fields": {
      "bus": 7, 
      "location": "POINT (-73.9891199999999998 40.7422710000000023)", 
      "time": "2009-04-29 15:29:47"
    }
  }, 
  {
    "pk": 1150, 
    "model": "tracker.busobservation", 
    "fields": {
      "bus": 7, 
      "location": "POINT (-73.9891199999999998 40.7422710000000023)", 
      "time": "2009-04-29 15:29:52"
    }
  }, 
  {
    "pk": 1152, 
    "model": "tracker.busobservation", 
    "fields": {
      "bus": 7, 
      "location": "POINT (-73.9890979999999985 40.7420040000000014)", 
      "time": "2009-04-29 15:29:53"
    }
  }, 
  {
    "pk": 1172, 
    "model": "tracker.busobservation", 
    "fields": {
      "bus": 7, 
      "location": "POINT (-73.9890979999999985 40.7420040000000014)", 
      "time": "2009-04-29 15:30:06"
    }
  }, 
  {
    "pk": 1173, 
    "model": "tracker.busobservation", 
    "fields": {
      "bus": 7, 
      "location": "POINT (-73.9890819999999962 40.7417140000000018)", 
      "time": "2009-04-29 15:30:07"
    }
  }, 
  {
    "pk": 1208, 
    "model": "tracker.busobservation", 
    "fields": {
      "bus": 7, 
      "location": "POINT (-73.9890819999999962 40.7417140000000018)", 
      "time": "2009-04-29 15:30:49"
    }
  }, 
  {
    "pk": 1209, 
    "model": "tracker.busobservation", 
    "fields": {
      "bus": 7, 
      "location": "POINT (-73.9893110000000007 40.7414780000000007)", 
      "time": "2009-04-29 15:30:51"
    }
  }, 
  {
    "pk": 1212, 
    "model": "tracker.busobservation", 
    "fields": {
      "bus": 7, 
      "location": "POINT (-73.9893110000000007 40.7414780000000007)", 
      "time": "2009-04-29 15:30:54"
    }
  }, 
  {
    "pk": 1213, 
    "model": "tracker.busobservation", 
    "fields": {
      "bus": 7, 
      "location": "POINT (-73.9893799999999970 40.7411349999999999)", 
      "time": "2009-04-29 15:30:55"
    }
  }, 
  {
    "pk": 1216, 
    "model": "tracker.busobservation", 
    "fields": {
      "bus": 7, 
      "location": "POINT (-73.9893799999999970 40.7411349999999999)", 
      "time": "2009-04-29 15:31:00"
    }
  }, 
  {
    "pk": 1217, 
    "model": "tracker.busobservation", 
    "fields": {
      "bus": 7, 
      "location": "POINT (-73.9893799999999970 40.7408450000000002)", 
      "time": "2009-04-29 15:31:02"
    }
  }, 
  {
    "pk": 1222, 
    "model": "tracker.busobservation", 
    "fields": {
      "bus": 7, 
      "location": "POINT (-73.9893799999999970 40.7408450000000002)", 
      "time": "2009-04-29 15:31:11"
    }
  }, 
  {
    "pk": 1223, 
    "model": "tracker.busobservation", 
    "fields": {
      "bus": 7, 
      "location": "POINT (-73.9893110000000007 40.7405550000000005)", 
      "time": "2009-04-29 15:31:12"
    }
  }, 
  {
    "pk": 1260, 
    "model": "tracker.busobservation", 
    "fields": {
      "bus": 7, 
      "location": "POINT (-73.9893110000000007 40.7405550000000005)", 
      "time": "2009-04-29 15:32:19"
    }
  }, 
  {
    "pk": 1261, 
    "model": "tracker.busobservation", 
    "fields": {
      "bus": 7, 
      "location": "POINT (-73.9896389999999968 40.7397840000000002)", 
      "time": "2009-04-29 15:32:20"
    }
  }, 
  {
    "pk": 1273, 
    "model": "tracker.busobservation", 
    "fields": {
      "bus": 7, 
      "location": "POINT (-73.9896389999999968 40.7397840000000002)", 
      "time": "2009-04-29 15:33:01"
    }
  }, 
  {
    "pk": 1274, 
    "model": "tracker.busobservation", 
    "fields": {
      "bus": 7, 
      "location": "POINT (-73.9903259999999960 40.7390329999999992)", 
      "time": "2009-04-29 15:33:02"
    }
  }, 
  {
    "pk": 1282, 
    "model": "tracker.busobservation", 
    "fields": {
      "bus": 7, 
      "location": "POINT (-73.9903259999999960 40.7390329999999992)", 
      "time": "2009-04-29 15:33:26"
    }
  }, 
  {
    "pk": 1283, 
    "model": "tracker.busobservation", 
    "fields": {
      "bus": 7, 
      "location": "POINT (-73.9897840000000002 40.7392350000000008)", 
      "time": "2009-04-29 15:33:32"
    }
  }, 
  {
    "pk": 1286, 
    "model": "tracker.busobservation", 
    "fields": {
      "bus": 7, 
      "location": "POINT (-73.9897840000000002 40.7392350000000008)", 
      "time": "2009-04-29 15:33:45"
    }
  }, 
  {
    "pk": 1287, 
    "model": "tracker.busobservation", 
    "fields": {
      "bus": 7, 
      "location": "POINT (-73.9894409999999993 40.7390979999999985)", 
      "time": "2009-04-29 15:33:47"
    }
  }, 
  {
    "pk": 1290, 
    "model": "tracker.busobservation", 
    "fields": {
      "bus": 7, 
      "location": "POINT (-73.9894409999999993 40.7390979999999985)", 
      "time": "2009-04-29 15:33:57"
    }
  }, 
  {
    "pk": 1292, 
    "model": "tracker.busobservation", 
    "fields": {
      "bus": 7, 
      "location": "POINT (-73.9899139999999989 40.7385599999999997)", 
      "time": "2009-04-29 15:33:58"
    }
  }, 
  {
    "pk": 1296, 
    "model": "tracker.busobservation", 
    "fields": {
      "bus": 7, 
      "location": "POINT (-73.9899139999999989 40.7385599999999997)", 
      "time": "2009-04-29 15:34:07"
    }
  }, 
  {
    "pk": 1297, 
    "model": "tracker.busobservation", 
    "fields": {
      "bus": 7, 
      "location": "POINT (-73.9901499999999999 40.7380449999999996)", 
      "time": "2009-04-29 15:34:09"
    }
  }, 
  {
    "pk": 1299, 
    "model": "tracker.busobservation", 
    "fields": {
      "bus": 7, 
      "location": "POINT (-73.9902340000000009 40.7377660000000006)", 
      "time": "2009-04-29 15:34:11"
    }
  }, 
  {
    "pk": 1298, 
    "model": "tracker.busobservation", 
    "fields": {
      "bus": 7, 
      "location": "POINT (-73.9903029999999973 40.7375720000000001)", 
      "time": "2009-04-29 15:34:13"
    }
  }, 
  {
    "pk": 1300, 
    "model": "tracker.busobservation", 
    "fields": {
      "bus": 7, 
      "location": "POINT (-73.9903410000000008 40.7374459999999985)", 
      "time": "2009-04-29 15:34:15"
    }
  }, 
  {
    "pk": 1301, 
    "model": "tracker.busobservation", 
    "fields": {
      "bus": 7, 
      "location": "POINT (-73.9903029999999973 40.7373469999999998)", 
      "time": "2009-04-29 15:34:17"
    }
  }, 
  {
    "pk": 1304, 
    "model": "tracker.busobservation", 
    "fields": {
      "bus": 7, 
      "location": "POINT (-73.9902569999999997 40.7372510000000005)", 
      "time": "2009-04-29 15:34:19"
    }
  }, 
  {
    "pk": 1303, 
    "model": "tracker.busobservation", 
    "fields": {
      "bus": 7, 
      "location": "POINT (-73.9900439999999975 40.7371440000000007)", 
      "time": "2009-04-29 15:34:21"
    }
  }, 
  {
    "pk": 1305, 
    "model": "tracker.busobservation", 
    "fields": {
      "bus": 7, 
      "location": "POINT (-73.9898529999999965 40.7370149999999995)", 
      "time": "2009-04-29 15:34:22"
    }
  }, 
  {
    "pk": 1306, 
    "model": "tracker.busobservation", 
    "fields": {
      "bus": 7, 
      "location": "POINT (-73.9897840000000002 40.7369610000000009)", 
      "time": "2009-04-29 15:34:23"
    }
  }, 
  {
    "pk": 1307, 
    "model": "tracker.busobservation", 
    "fields": {
      "bus": 7, 
      "location": "POINT (-73.9896770000000004 40.7368850000000009)", 
      "time": "2009-04-29 15:34:24"
    }
  }, 
  {
    "pk": 1309, 
    "model": "tracker.busobservation", 
    "fields": {
      "bus": 7, 
      "location": "POINT (-73.9896389999999968 40.7368850000000009)", 
      "time": "2009-04-29 15:34:25"
    }
  }, 
  {
    "pk": 1310, 
    "model": "tracker.busobservation", 
    "fields": {
      "bus": 7, 
      "location": "POINT (-73.9896159999999981 40.7368740000000003)", 
      "time": "2009-04-29 15:34:26"
    }
  }, 
  {
    "pk": 1311, 
    "model": "tracker.busobservation", 
    "fields": {
      "bus": 7, 
      "location": "POINT (-73.9895709999999980 40.7368659999999991)", 
      "time": "2009-04-29 15:34:27"
    }
  }, 
  {
    "pk": 1415, 
    "model": "tracker.busobservation", 
    "fields": {
      "bus": 7, 
      "location": "POINT (-73.9895709999999980 40.7368659999999991)", 
      "time": "2009-04-29 15:34:56"
    }
  }, 
  {
    "pk": 1336, 
    "model": "tracker.busobservation", 
    "fields": {
      "bus": 7, 
      "location": "POINT (-73.9894869999999969 40.7368129999999979)", 
      "time": "2009-04-29 15:34:57"
    }
  }, 
  {
    "pk": 1346, 
    "model": "tracker.busobservation", 
    "fields": {
      "bus": 7, 
      "location": "POINT (-73.9894259999999946 40.7367780000000010)", 
      "time": "2009-04-29 15:35:00"
    }
  }, 
  {
    "pk": 1337, 
    "model": "tracker.busobservation", 
    "fields": {
      "bus": 7, 
      "location": "POINT (-73.9894029999999958 40.7367670000000004)", 
      "time": "2009-04-29 15:35:01"
    }
  }, 
  {
    "pk": 1406, 
    "model": "tracker.busobservation", 
    "fields": {
      "bus": 7, 
      "location": "POINT (-73.9893569999999983 40.7367479999999986)", 
      "time": "2009-04-29 15:35:02"
    }
  }, 
  {
    "pk": 1355, 
    "model": "tracker.busobservation", 
    "fields": {
      "bus": 7, 
      "location": "POINT (-73.9892499999999984 40.7366940000000000)", 
      "time": "2009-04-29 15:35:04"
    }
  }, 
  {
    "pk": 1348, 
    "model": "tracker.busobservation", 
    "fields": {
      "bus": 7, 
      "location": "POINT (-73.9892040000000009 40.7366829999999993)", 
      "time": "2009-04-29 15:35:05"
    }
  }, 
  {
    "pk": 1368, 
    "model": "tracker.busobservation", 
    "fields": {
      "bus": 7, 
      "location": "POINT (-73.9891429999999986 40.7366409999999988)", 
      "time": "2009-04-29 15:35:06"
    }
  }, 
  {
    "pk": 1359, 
    "model": "tracker.busobservation", 
    "fields": {
      "bus": 7, 
      "location": "POINT (-73.9891199999999998 40.7366290000000006)", 
      "time": "2009-04-29 15:35:07"
    }
  }, 
  {
    "pk": 1419, 
    "model": "tracker.busobservation", 
    "fields": {
      "bus": 7, 
      "location": "POINT (-73.9890819999999962 40.7365950000000012)", 
      "time": "2009-04-29 15:35:08"
    }
  }, 
  {
    "pk": 1363, 
    "model": "tracker.busobservation", 
    "fields": {
      "bus": 7, 
      "location": "POINT (-73.9890819999999962 40.7365879999999976)", 
      "time": "2009-04-29 15:35:10"
    }
  }, 
  {
    "pk": 1378, 
    "model": "tracker.busobservation", 
    "fields": {
      "bus": 7, 
      "location": "POINT (-73.9899369999999976 40.7354929999999982)", 
      "time": "2009-04-29 15:35:52"
    }
  }, 
  {
    "pk": 1396, 
    "model": "tracker.busobservation", 
    "fields": {
      "bus": 7, 
      "location": "POINT (-73.9899369999999976 40.7354389999999995)", 
      "time": "2009-04-29 15:35:54"
    }
  }, 
  {
    "pk": 1386, 
    "model": "tracker.busobservation", 
    "fields": {
      "bus": 7, 
      "location": "POINT (-73.9899369999999976 40.7354389999999995)", 
      "time": "2009-04-29 15:35:56"
    }
  }, 
  {
    "pk": 1376, 
    "model": "tracker.busobservation", 
    "fields": {
      "bus": 7, 
      "location": "POINT (-73.9900889999999976 40.7352330000000009)", 
      "time": "2009-04-29 15:36:00"
    }
  }, 
  {
    "pk": 1356, 
    "model": "tracker.busobservation", 
    "fields": {
      "bus": 7, 
      "location": "POINT (-73.9901119999999963 40.7351910000000004)", 
      "time": "2009-04-29 15:36:01"
    }
  }, 
  {
    "pk": 1388, 
    "model": "tracker.busobservation", 
    "fields": {
      "bus": 7, 
      "location": "POINT (-73.9901499999999999 40.7351489999999998)", 
      "time": "2009-04-29 15:36:02"
    }
  }, 
  {
    "pk": 1393, 
    "model": "tracker.busobservation", 
    "fields": {
      "bus": 7, 
      "location": "POINT (-73.9902340000000009 40.7350959999999986)", 
      "time": "2009-04-29 15:36:04"
    }
  }, 
  {
    "pk": 1387, 
    "model": "tracker.busobservation", 
    "fields": {
      "bus": 7, 
      "location": "POINT (-73.9903639999999996 40.7350199999999987)", 
      "time": "2009-04-29 15:36:06"
    }
  }, 
  {
    "pk": 1423, 
    "model": "tracker.busobservation", 
    "fields": {
      "bus": 7, 
      "location": "POINT (-73.9894259999999946 40.7363929999999996)", 
      "time": "2009-04-29 15:36:08"
    }
  }, 
  {
    "pk": 1425, 
    "model": "tracker.busobservation", 
    "fields": {
      "bus": 7, 
      "location": "POINT (-73.9904939999999982 40.7349320000000006)", 
      "time": "2009-04-29 15:36:09"
    }
  }, 
  {
    "pk": 1438, 
    "model": "tracker.busobservation", 
    "fields": {
      "bus": 7, 
      "location": "POINT (-73.9895709999999980 40.7361450000000005)", 
      "time": "2009-04-29 15:36:11"
    }
  }, 
  {
    "pk": 1392, 
    "model": "tracker.busobservation", 
    "fields": {
      "bus": 7, 
      "location": "POINT (-73.9909899999999965 40.7346530000000016)", 
      "time": "2009-04-29 15:36:13"
    }
  }, 
  {
    "pk": 1354, 
    "model": "tracker.busobservation", 
    "fields": {
      "bus": 7, 
      "location": "POINT (-73.9897229999999979 40.7358669999999989)", 
      "time": "2009-04-29 15:36:15"
    }
  }, 
  {
    "pk": 1357, 
    "model": "tracker.busobservation", 
    "fields": {
      "bus": 7, 
      "location": "POINT (-73.9909669999999977 40.7343860000000006)", 
      "time": "2009-04-29 15:36:17"
    }
  }, 
  {
    "pk": 1410, 
    "model": "tracker.busobservation", 
    "fields": {
      "bus": 7, 
      "location": "POINT (-73.9898759999999953 40.7355879999999999)", 
      "time": "2009-04-29 15:36:19"
    }
  }, 
  {
    "pk": 1390, 
    "model": "tracker.busobservation", 
    "fields": {
      "bus": 7, 
      "location": "POINT (-73.9910280000000000 40.7342990000000000)", 
      "time": "2009-04-29 15:36:21"
    }
  }, 
  {
    "pk": 1398, 
    "model": "tracker.busobservation", 
    "fields": {
      "bus": 7, 
      "location": "POINT (-73.9910129999999953 40.7342990000000000)", 
      "time": "2009-04-29 15:36:23"
    }
  }, 
  {
    "pk": 1358, 
    "model": "tracker.busobservation", 
    "fields": {
      "bus": 7, 
      "location": "POINT (-73.9909899999999965 40.7342799999999983)", 
      "time": "2009-04-29 15:36:25"
    }
  }, 
  {
    "pk": 1443, 
    "model": "tracker.busobservation", 
    "fields": {
      "bus": 7, 
      "location": "POINT (-73.9909899999999965 40.7343860000000006)", 
      "time": "2009-04-29 15:36:28"
    }
  }, 
  {
    "pk": 1380, 
    "model": "tracker.busobservation", 
    "fields": {
      "bus": 7, 
      "location": "POINT (-73.9909899999999965 40.7343860000000006)", 
      "time": "2009-04-29 15:36:42"
    }
  }, 
  {
    "pk": 1402, 
    "model": "tracker.busobservation", 
    "fields": {
      "bus": 7, 
      "location": "POINT (-73.9909899999999965 40.7346649999999997)", 
      "time": "2009-04-29 15:36:44"
    }
  }, 
  {
    "pk": 1445, 
    "model": "tracker.busobservation", 
    "fields": {
      "bus": 7, 
      "location": "POINT (-73.9909899999999965 40.7346649999999997)", 
      "time": "2009-04-29 15:37:39"
    }
  }, 
  {
    "pk": 1451, 
    "model": "tracker.busobservation", 
    "fields": {
      "bus": 7, 
      "location": "POINT (-73.9909210000000002 40.7344700000000017)", 
      "time": "2009-04-29 15:37:41"
    }
  }, 
  {
    "pk": 1422, 
    "model": "tracker.busobservation", 
    "fields": {
      "bus": 7, 
      "location": "POINT (-73.9909669999999977 40.7343979999999988)", 
      "time": "2009-04-29 15:37:43"
    }
  }, 
  {
    "pk": 1449, 
    "model": "tracker.busobservation", 
    "fields": {
      "bus": 7, 
      "location": "POINT (-73.9909669999999977 40.7342680000000001)", 
      "time": "2009-04-29 15:37:45"
    }
  }, 
  {
    "pk": 1455, 
    "model": "tracker.busobservation", 
    "fields": {
      "bus": 7, 
      "location": "POINT (-73.9909669999999977 40.7342030000000008)", 
      "time": "2009-04-29 15:37:47"
    }
  }, 
  {
    "pk": 1454, 
    "model": "tracker.busobservation", 
    "fields": {
      "bus": 7, 
      "location": "POINT (-73.9909669999999977 40.7342030000000008)", 
      "time": "2009-04-29 15:38:01"
    }
  }, 
  {
    "pk": 1460, 
    "model": "tracker.busobservation", 
    "fields": {
      "bus": 7, 
      "location": "POINT (-73.9910129999999953 40.7338710000000006)", 
      "time": "2009-04-29 15:38:04"
    }
  }, 
  {
    "pk": 1463, 
    "model": "tracker.busobservation", 
    "fields": {
      "bus": 7, 
      "location": "POINT (-73.9910129999999953 40.7338710000000006)", 
      "time": "2009-04-29 15:38:19"
    }
  }, 
  {
    "pk": 1462, 
    "model": "tracker.busobservation", 
    "fields": {
      "bus": 7, 
      "location": "POINT (-73.9913939999999997 40.7336120000000008)", 
      "time": "2009-04-29 15:38:23"
    }
  }, 
  {
    "pk": 1476, 
    "model": "tracker.busobservation", 
    "fields": {
      "bus": 7, 
      "location": "POINT (-73.9913939999999997 40.7336120000000008)", 
      "time": "2009-04-29 15:39:36"
    }
  }, 
  {
    "pk": 1477, 
    "model": "tracker.busobservation", 
    "fields": {
      "bus": 7, 
      "location": "POINT (-73.9910509999999988 40.7333149999999975)", 
      "time": "2009-04-29 15:39:40"
    }
  }, 
  {
    "pk": 1484, 
    "model": "tracker.busobservation", 
    "fields": {
      "bus": 7, 
      "location": "POINT (-73.9910509999999988 40.7333149999999975)", 
      "time": "2009-04-29 15:39:59"
    }
  }, 
  {
    "pk": 1485, 
    "model": "tracker.busobservation", 
    "fields": {
      "bus": 7, 
      "location": "POINT (-73.9914629999999960 40.7328529999999986)", 
      "time": "2009-04-29 15:40:02"
    }
  }, 
  {
    "pk": 1486, 
    "model": "tracker.busobservation", 
    "fields": {
      "bus": 7, 
      "location": "POINT (-73.9914629999999960 40.7327769999999987)", 
      "time": "2009-04-29 15:40:04"
    }
  }, 
  {
    "pk": 1487, 
    "model": "tracker.busobservation", 
    "fields": {
      "bus": 7, 
      "location": "POINT (-73.9914859999999948 40.7327119999999994)", 
      "time": "2009-04-29 15:40:06"
    }
  }, 
  {
    "pk": 1489, 
    "model": "tracker.busobservation", 
    "fields": {
      "bus": 7, 
      "location": "POINT (-73.9914859999999948 40.7326699999999988)", 
      "time": "2009-04-29 15:40:07"
    }
  }, 
  {
    "pk": 1490, 
    "model": "tracker.busobservation", 
    "fields": {
      "bus": 7, 
      "location": "POINT (-73.9914859999999948 40.7326580000000007)", 
      "time": "2009-04-29 15:40:08"
    }
  }, 
  {
    "pk": 1516, 
    "model": "tracker.busobservation", 
    "fields": {
      "bus": 7, 
      "location": "POINT (-73.9914859999999948 40.7326580000000007)", 
      "time": "2009-04-29 15:40:43"
    }
  }, 
  {
    "pk": 1517, 
    "model": "tracker.busobservation", 
    "fields": {
      "bus": 7, 
      "location": "POINT (-73.9913939999999997 40.7323570000000004)", 
      "time": "2009-04-29 15:40:45"
    }
  }, 
  {
    "pk": 1518, 
    "model": "tracker.busobservation", 
    "fields": {
      "bus": 7, 
      "location": "POINT (-73.9913939999999997 40.7323570000000004)", 
      "time": "2009-04-29 15:40:53"
    }
  }, 
  {
    "pk": 1519, 
    "model": "tracker.busobservation", 
    "fields": {
      "bus": 7, 
      "location": "POINT (-73.9914859999999948 40.7320139999999995)", 
      "time": "2009-04-29 15:40:55"
    }
  }, 
  {
    "pk": 1520, 
    "model": "tracker.busobservation", 
    "fields": {
      "bus": 7, 
      "location": "POINT (-73.9914859999999948 40.7320139999999995)", 
      "time": "2009-04-29 15:40:57"
    }
  }, 
  {
    "pk": 1521, 
    "model": "tracker.busobservation", 
    "fields": {
      "bus": 7, 
      "location": "POINT (-73.9916309999999982 40.7317239999999998)", 
      "time": "2009-04-29 15:40:59"
    }
  }, 
  {
    "pk": 1522, 
    "model": "tracker.busobservation", 
    "fields": {
      "bus": 7, 
      "location": "POINT (-73.9916309999999982 40.7317239999999998)", 
      "time": "2009-04-29 15:41:01"
    }
  }, 
  {
    "pk": 1523, 
    "model": "tracker.busobservation", 
    "fields": {
      "bus": 7, 
      "location": "POINT (-73.9916989999999970 40.7313919999999996)", 
      "time": "2009-04-29 15:41:03"
    }
  }, 
  {
    "pk": 1536, 
    "model": "tracker.busobservation", 
    "fields": {
      "bus": 7, 
      "location": "POINT (-73.9916989999999970 40.7313919999999996)", 
      "time": "2009-04-29 15:41:38"
    }
  }, 
  {
    "pk": 1537, 
    "model": "tracker.busobservation", 
    "fields": {
      "bus": 7, 
      "location": "POINT (-73.9901729999999986 40.7335819999999984)", 
      "time": "2009-04-29 15:41:52"
    }
  }, 
  {
    "pk": 1538, 
    "model": "tracker.busobservation", 
    "fields": {
      "bus": 7, 
      "location": "POINT (-73.9939040000000006 40.7301250000000010)", 
      "time": "2009-04-29 15:42:46"
    }
  }, 
  {
    "pk": 1539, 
    "model": "tracker.busobservation", 
    "fields": {
      "bus": 7, 
      "location": "POINT (-73.9939040000000006 40.7301250000000010)", 
      "time": "2009-04-29 15:42:51"
    }
  }, 
  {
    "pk": 1540, 
    "model": "tracker.busobservation", 
    "fields": {
      "bus": 7, 
      "location": "POINT (-73.9933470000000000 40.7301179999999974)", 
      "time": "2009-04-29 15:42:55"
    }
  }, 
  {
    "pk": 1547, 
    "model": "tracker.busobservation", 
    "fields": {
      "bus": 7, 
      "location": "POINT (-73.9933470000000000 40.7301179999999974)", 
      "time": "2009-04-29 15:43:20"
    }
  }, 
  {
    "pk": 1550, 
    "model": "tracker.busobservation", 
    "fields": {
      "bus": 7, 
      "location": "POINT (-73.9939499999999981 40.7291829999999990)", 
      "time": "2009-04-29 15:43:28"
    }
  }, 
  {
    "pk": 1551, 
    "model": "tracker.busobservation", 
    "fields": {
      "bus": 7, 
      "location": "POINT (-73.9942089999999979 40.7285189999999986)", 
      "time": "2009-04-29 15:43:29"
    }
  }, 
  {
    "pk": 1552, 
    "model": "tracker.busobservation", 
    "fields": {
      "bus": 7, 
      "location": "POINT (-73.9946139999999986 40.7279169999999979)", 
      "time": "2009-04-29 15:43:33"
    }
  }, 
  {
    "pk": 1556, 
    "model": "tracker.busobservation", 
    "fields": {
      "bus": 7, 
      "location": "POINT (-73.9946139999999986 40.7279169999999979)", 
      "time": "2009-04-29 15:43:48"
    }
  }, 
  {
    "pk": 1557, 
    "model": "tracker.busobservation", 
    "fields": {
      "bus": 7, 
      "location": "POINT (-73.9953229999999991 40.7271229999999989)", 
      "time": "2009-04-29 15:43:49"
    }
  }, 
  {
    "pk": 1562, 
    "model": "tracker.busobservation", 
    "fields": {
      "bus": 7, 
      "location": "POINT (-73.9953229999999991 40.7271229999999989)", 
      "time": "2009-04-29 15:44:04"
    }
  }, 
  {
    "pk": 1564, 
    "model": "tracker.busobservation", 
    "fields": {
      "bus": 7, 
      "location": "POINT (-73.9955369999999988 40.7276499999999970)", 
      "time": "2009-04-29 15:44:30"
    }
  }, 
  {
    "pk": 1569, 
    "model": "tracker.busobservation", 
    "fields": {
      "bus": 7, 
      "location": "POINT (-73.9961399999999969 40.7267679999999999)", 
      "time": "2009-04-29 15:44:54"
    }
  }, 
  {
    "pk": 1578, 
    "model": "tracker.busobservation", 
    "fields": {
      "bus": 7, 
      "location": "POINT (-73.9961399999999969 40.7267679999999999)", 
      "time": "2009-04-29 15:45:14"
    }
  }, 
  {
    "pk": 1580, 
    "model": "tracker.busobservation", 
    "fields": {
      "bus": 7, 
      "location": "POINT (-73.9969099999999997 40.7258799999999965)", 
      "time": "2009-04-29 15:45:18"
    }
  }, 
  {
    "pk": 1595, 
    "model": "tracker.busobservation", 
    "fields": {
      "bus": 7, 
      "location": "POINT (-73.9969099999999997 40.7258799999999965)", 
      "time": "2009-04-29 15:46:03"
    }
  }, 
  {
    "pk": 1617, 
    "model": "tracker.busobservation", 
    "fields": {
      "bus": 7, 
      "location": "POINT (-73.9967419999999976 40.7254300000000029)", 
      "time": "2009-04-29 15:47:00"
    }
  }, 
  {
    "pk": 1619, 
    "model": "tracker.busobservation", 
    "fields": {
      "bus": 7, 
      "location": "POINT (-73.9977039999999988 40.7243879999999976)", 
      "time": "2009-04-29 15:47:16"
    }
  }, 
  {
    "pk": 1621, 
    "model": "tracker.busobservation", 
    "fields": {
      "bus": 7, 
      "location": "POINT (-73.9977039999999988 40.7243879999999976)", 
      "time": "2009-04-29 15:47:24"
    }
  }, 
  {
    "pk": 1622, 
    "model": "tracker.busobservation", 
    "fields": {
      "bus": 7, 
      "location": "POINT (-73.9980929999999972 40.7238850000000028)", 
      "time": "2009-04-29 15:47:26"
    }
  }, 
  {
    "pk": 1624, 
    "model": "tracker.busobservation", 
    "fields": {
      "bus": 7, 
      "location": "POINT (-73.9980929999999972 40.7238850000000028)", 
      "time": "2009-04-29 15:47:31"
    }
  }, 
  {
    "pk": 1625, 
    "model": "tracker.busobservation", 
    "fields": {
      "bus": 7, 
      "location": "POINT (-73.9984359999999981 40.7237849999999995)", 
      "time": "2009-04-29 15:47:33"
    }
  }, 
  {
    "pk": 1639, 
    "model": "tracker.busobservation", 
    "fields": {
      "bus": 7, 
      "location": "POINT (-73.9984359999999981 40.7237849999999995)", 
      "time": "2009-04-29 15:47:53"
    }
  }, 
  {
    "pk": 1640, 
    "model": "tracker.busobservation", 
    "fields": {
      "bus": 7, 
      "location": "POINT (-73.9984970000000004 40.7239270000000033)", 
      "time": "2009-04-29 15:47:55"
    }
  }, 
  {
    "pk": 1641, 
    "model": "tracker.busobservation", 
    "fields": {
      "bus": 7, 
      "location": "POINT (-73.9985659999999967 40.7238619999999969)", 
      "time": "2009-04-29 15:47:58"
    }
  }, 
  {
    "pk": 1642, 
    "model": "tracker.busobservation", 
    "fields": {
      "bus": 7, 
      "location": "POINT (-73.9986040000000003 40.7238389999999981)", 
      "time": "2009-04-29 15:48:00"
    }
  }, 
  {
    "pk": 1646, 
    "model": "tracker.busobservation", 
    "fields": {
      "bus": 7, 
      "location": "POINT (-73.9986040000000003 40.7238389999999981)", 
      "time": "2009-04-29 15:48:06"
    }
  }, 
  {
    "pk": 1647, 
    "model": "tracker.busobservation", 
    "fields": {
      "bus": 7, 
      "location": "POINT (-73.9987560000000002 40.7235599999999991)", 
      "time": "2009-04-29 15:48:10"
    }
  }, 
  {
    "pk": 1648, 
    "model": "tracker.busobservation", 
    "fields": {
      "bus": 7, 
      "location": "POINT (-73.9987560000000002 40.7235599999999991)", 
      "time": "2009-04-29 15:48:12"
    }
  }, 
  {
    "pk": 1649, 
    "model": "tracker.busobservation", 
    "fields": {
      "bus": 7, 
      "location": "POINT (-73.9989089999999976 40.7232929999999982)", 
      "time": "2009-04-29 15:48:15"
    }
  }, 
  {
    "pk": 1650, 
    "model": "tracker.busobservation", 
    "fields": {
      "bus": 7, 
      "location": "POINT (-73.9989089999999976 40.7232929999999982)", 
      "time": "2009-04-29 15:48:19"
    }
  }, 
  {
    "pk": 1651, 
    "model": "tracker.busobservation", 
    "fields": {
      "bus": 7, 
      "location": "POINT (-73.9990389999999962 40.7230029999999985)", 
      "time": "2009-04-29 15:48:21"
    }
  }, 
  {
    "pk": 1658, 
    "model": "tracker.busobservation", 
    "fields": {
      "bus": 7, 
      "location": "POINT (-73.9990389999999962 40.7230029999999985)", 
      "time": "2009-04-29 15:48:42"
    }
  }, 
  {
    "pk": 1659, 
    "model": "tracker.busobservation", 
    "fields": {
      "bus": 7, 
      "location": "POINT (-73.9993819999999971 40.7228319999999968)", 
      "time": "2009-04-29 15:48:44"
    }
  }, 
  {
    "pk": 1664, 
    "model": "tracker.busobservation", 
    "fields": {
      "bus": 7, 
      "location": "POINT (-73.9993819999999971 40.7228319999999968)", 
      "time": "2009-04-29 15:48:54"
    }
  }, 
  {
    "pk": 1665, 
    "model": "tracker.busobservation", 
    "fields": {
      "bus": 7, 
      "location": "POINT (-73.9994889999999970 40.7225419999999971)", 
      "time": "2009-04-29 15:48:56"
    }
  }, 
  {
    "pk": 1668, 
    "model": "tracker.busobservation", 
    "fields": {
      "bus": 7, 
      "location": "POINT (-73.9994889999999970 40.7225419999999971)", 
      "time": "2009-04-29 15:49:03"
    }
  }, 
  {
    "pk": 1669, 
    "model": "tracker.busobservation", 
    "fields": {
      "bus": 7, 
      "location": "POINT (-73.9995959999999968 40.7222519999999975)", 
      "time": "2009-04-29 15:49:05"
    }
  }, 
  {
    "pk": 1675, 
    "model": "tracker.busobservation", 
    "fields": {
      "bus": 7, 
      "location": "POINT (-73.9995959999999968 40.7222519999999975)", 
      "time": "2009-04-29 15:49:17"
    }
  }, 
  {
    "pk": 1676, 
    "model": "tracker.busobservation", 
    "fields": {
      "bus": 7, 
      "location": "POINT (-73.9997860000000003 40.7220269999999971)", 
      "time": "2009-04-29 15:49:19"
    }
  }, 
  {
    "pk": 1678, 
    "model": "tracker.busobservation", 
    "fields": {
      "bus": 7, 
      "location": "POINT (-73.9997860000000003 40.7220269999999971)", 
      "time": "2009-04-29 15:49:26"
    }
  }, 
  {
    "pk": 1679, 
    "model": "tracker.busobservation", 
    "fields": {
      "bus": 7, 
      "location": "POINT (-74.0000840000000011 40.7218319999999991)", 
      "time": "2009-04-29 15:49:28"
    }
  }, 
  {
    "pk": 1682, 
    "model": "tracker.busobservation", 
    "fields": {
      "bus": 7, 
      "location": "POINT (-74.0000840000000011 40.7218319999999991)", 
      "time": "2009-04-29 15:49:35"
    }
  }, 
  {
    "pk": 1683, 
    "model": "tracker.busobservation", 
    "fields": {
      "bus": 7, 
      "location": "POINT (-74.0002980000000008 40.7216189999999969)", 
      "time": "2009-04-29 15:49:36"
    }
  }, 
  {
    "pk": 1685, 
    "model": "tracker.busobservation", 
    "fields": {
      "bus": 7, 
      "location": "POINT (-74.0002980000000008 40.7216189999999969)", 
      "time": "2009-04-29 15:49:39"
    }
  }, 
  {
    "pk": 1686, 
    "model": "tracker.busobservation", 
    "fields": {
      "bus": 7, 
      "location": "POINT (-74.0005189999999970 40.7213709999999978)", 
      "time": "2009-04-29 15:49:41"
    }
  }, 
  {
    "pk": 1689, 
    "model": "tracker.busobservation", 
    "fields": {
      "bus": 7, 
      "location": "POINT (-74.0005189999999970 40.7213709999999978)", 
      "time": "2009-04-29 15:49:44"
    }
  }, 
  {
    "pk": 1690, 
    "model": "tracker.busobservation", 
    "fields": {
      "bus": 7, 
      "location": "POINT (-74.0007930000000016 40.7210919999999987)", 
      "time": "2009-04-29 15:49:46"
    }
  }, 
  {
    "pk": 1691, 
    "model": "tracker.busobservation", 
    "fields": {
      "bus": 7, 
      "location": "POINT (-74.0008160000000004 40.7210499999999982)", 
      "time": "2009-04-29 15:49:48"
    }
  }, 
  {
    "pk": 1692, 
    "model": "tracker.busobservation", 
    "fields": {
      "bus": 7, 
      "location": "POINT (-74.0008770000000027 40.7209849999999989)", 
      "time": "2009-04-29 15:49:50"
    }
  }, 
  {
    "pk": 1693, 
    "model": "tracker.busobservation", 
    "fields": {
      "bus": 7, 
      "location": "POINT (-74.0009230000000002 40.7209319999999977)", 
      "time": "2009-04-29 15:49:52"
    }
  }, 
  {
    "pk": 1694, 
    "model": "tracker.busobservation", 
    "fields": {
      "bus": 7, 
      "location": "POINT (-74.0009230000000002 40.7209319999999977)", 
      "time": "2009-04-29 15:49:54"
    }
  }, 
  {
    "pk": 1695, 
    "model": "tracker.busobservation", 
    "fields": {
      "bus": 7, 
      "location": "POINT (-74.0009840000000025 40.7208479999999966)", 
      "time": "2009-04-29 15:49:56"
    }
  }, 
  {
    "pk": 1696, 
    "model": "tracker.busobservation", 
    "fields": {
      "bus": 7, 
      "location": "POINT (-74.0009840000000025 40.7208479999999966)", 
      "time": "2009-04-29 15:49:59"
    }
  }, 
  {
    "pk": 1697, 
    "model": "tracker.busobservation", 
    "fields": {
      "bus": 7, 
      "location": "POINT (-74.0010989999999964 40.7207069999999973)", 
      "time": "2009-04-29 15:50:01"
    }
  }, 
  {
    "pk": 1698, 
    "model": "tracker.busobservation", 
    "fields": {
      "bus": 7, 
      "location": "POINT (-74.0011599999999987 40.7205999999999975)", 
      "time": "2009-04-29 15:50:03"
    }
  }, 
  {
    "pk": 1699, 
    "model": "tracker.busobservation", 
    "fields": {
      "bus": 7, 
      "location": "POINT (-74.0013119999999986 40.7204589999999982)", 
      "time": "2009-04-29 15:50:05"
    }
  }, 
  {
    "pk": 1700, 
    "model": "tracker.busobservation", 
    "fields": {
      "bus": 7, 
      "location": "POINT (-74.0014189999999985 40.7203220000000030)", 
      "time": "2009-04-29 15:50:07"
    }
  }, 
  {
    "pk": 1701, 
    "model": "tracker.busobservation", 
    "fields": {
      "bus": 7, 
      "location": "POINT (-74.0014419999999973 40.7202800000000025)", 
      "time": "2009-04-29 15:50:09"
    }
  }, 
  {
    "pk": 1702, 
    "model": "tracker.busobservation", 
    "fields": {
      "bus": 7, 
      "location": "POINT (-74.0015259999999984 40.7202029999999979)", 
      "time": "2009-04-29 15:50:12"
    }
  }, 
  {
    "pk": 1705, 
    "model": "tracker.busobservation", 
    "fields": {
      "bus": 7, 
      "location": "POINT (-74.0015259999999984 40.7202029999999979)", 
      "time": "2009-04-29 15:50:21"
    }
  }, 
  {
    "pk": 1706, 
    "model": "tracker.busobservation", 
    "fields": {
      "bus": 7, 
      "location": "POINT (-74.0018689999999992 40.7200849999999974)", 
      "time": "2009-04-29 15:50:25"
    }
  }, 
  {
    "pk": 1713, 
    "model": "tracker.busobservation", 
    "fields": {
      "bus": 7, 
      "location": "POINT (-74.0018689999999992 40.7200849999999974)", 
      "time": "2009-04-29 15:50:39"
    }
  }, 
  {
    "pk": 1714, 
    "model": "tracker.busobservation", 
    "fields": {
      "bus": 7, 
      "location": "POINT (-74.0015259999999984 40.7200429999999969)", 
      "time": "2009-04-29 15:50:41"
    }
  }, 
  {
    "pk": 1724, 
    "model": "tracker.busobservation", 
    "fields": {
      "bus": 7, 
      "location": "POINT (-74.0015259999999984 40.7200429999999969)", 
      "time": "2009-04-29 15:51:01"
    }
  }, 
  {
    "pk": 1725, 
    "model": "tracker.busobservation", 
    "fields": {
      "bus": 7, 
      "location": "POINT (-74.0016559999999970 40.7197949999999977)", 
      "time": "2009-04-29 15:51:03"
    }
  }, 
  {
    "pk": 1726, 
    "model": "tracker.busobservation", 
    "fields": {
      "bus": 7, 
      "location": "POINT (-74.0017169999999993 40.7197419999999966)", 
      "time": "2009-04-29 15:51:05"
    }
  }, 
  {
    "pk": 1727, 
    "model": "tracker.busobservation", 
    "fields": {
      "bus": 7, 
      "location": "POINT (-74.0017619999999994 40.7196769999999972)", 
      "time": "2009-04-29 15:51:07"
    }
  }, 
  {
    "pk": 1728, 
    "model": "tracker.busobservation", 
    "fields": {
      "bus": 7, 
      "location": "POINT (-74.0018010000000004 40.7196240000000032)", 
      "time": "2009-04-29 15:51:09"
    }
  }, 
  {
    "pk": 1732, 
    "model": "tracker.busobservation", 
    "fields": {
      "bus": 7, 
      "location": "POINT (-74.0018230000000017 40.7196119999999979)", 
      "time": "2009-04-29 15:51:17"
    }
  }, 
  {
    "pk": 1733, 
    "model": "tracker.busobservation", 
    "fields": {
      "bus": 7, 
      "location": "POINT (-74.0020370000000014 40.7193109999999976)", 
      "time": "2009-04-29 15:51:22"
    }
  }, 
  {
    "pk": 1735, 
    "model": "tracker.busobservation", 
    "fields": {
      "bus": 7, 
      "location": "POINT (-74.0020370000000014 40.7193109999999976)", 
      "time": "2009-04-29 15:51:28"
    }
  }, 
  {
    "pk": 1736, 
    "model": "tracker.busobservation", 
    "fields": {
      "bus": 7, 
      "location": "POINT (-74.0022510000000011 40.7190439999999967)", 
      "time": "2009-04-29 15:51:30"
    }
  }, 
  {
    "pk": 1738, 
    "model": "tracker.busobservation", 
    "fields": {
      "bus": 7, 
      "location": "POINT (-74.0022510000000011 40.7190439999999967)", 
      "time": "2009-04-29 15:51:34"
    }
  }, 
  {
    "pk": 1739, 
    "model": "tracker.busobservation", 
    "fields": {
      "bus": 7, 
      "location": "POINT (-74.0025940000000020 40.7188190000000034)", 
      "time": "2009-04-29 15:51:36"
    }
  }, 
  {
    "pk": 1742, 
    "model": "tracker.busobservation", 
    "fields": {
      "bus": 7, 
      "location": "POINT (-74.0025940000000020 40.7188190000000034)", 
      "time": "2009-04-29 15:51:42"
    }
  }, 
  {
    "pk": 1743, 
    "model": "tracker.busobservation", 
    "fields": {
      "bus": 7, 
      "location": "POINT (-74.0027919999999995 40.7186049999999966)", 
      "time": "2009-04-29 15:51:44"
    }
  }, 
  {
    "pk": 1744, 
    "model": "tracker.busobservation", 
    "fields": {
      "bus": 7, 
      "location": "POINT (-74.0028149999999982 40.7185819999999978)", 
      "time": "2009-04-29 15:51:47"
    }
  }, 
  {
    "pk": 1747, 
    "model": "tracker.busobservation", 
    "fields": {
      "bus": 7, 
      "location": "POINT (-74.0028149999999982 40.7185819999999978)", 
      "time": "2009-04-29 15:51:52"
    }
  }, 
  {
    "pk": 1748, 
    "model": "tracker.busobservation", 
    "fields": {
      "bus": 7, 
      "location": "POINT (-74.0030059999999992 40.7183989999999980)", 
      "time": "2009-04-29 15:51:54"
    }
  }, 
  {
    "pk": 1749, 
    "model": "tracker.busobservation", 
    "fields": {
      "bus": 7, 
      "location": "POINT (-74.0030440000000027 40.7183569999999975)", 
      "time": "2009-04-29 15:51:56"
    }
  }, 
  {
    "pk": 1753, 
    "model": "tracker.busobservation", 
    "fields": {
      "bus": 7, 
      "location": "POINT (-74.0030440000000027 40.7183569999999975)", 
      "time": "2009-04-29 15:52:04"
    }
  }, 
  {
    "pk": 1754, 
    "model": "tracker.busobservation", 
    "fields": {
      "bus": 7, 
      "location": "POINT (-74.0033260000000013 40.7181209999999965)", 
      "time": "2009-04-29 15:52:06"
    }
  }, 
  {
    "pk": 1755, 
    "model": "tracker.busobservation", 
    "fields": {
      "bus": 7, 
      "location": "POINT (-74.0033260000000013 40.7181209999999965)", 
      "time": "2009-04-29 15:52:08"
    }
  }, 
  {
    "pk": 1756, 
    "model": "tracker.busobservation", 
    "fields": {
      "bus": 7, 
      "location": "POINT (-74.0034789999999987 40.7178540000000027)", 
      "time": "2009-04-29 15:52:10"
    }
  }, 
  {
    "pk": 1763, 
    "model": "tracker.busobservation", 
    "fields": {
      "bus": 7, 
      "location": "POINT (-74.0034789999999987 40.7178540000000027)", 
      "time": "2009-04-29 15:52:21"
    }
  }, 
  {
    "pk": 1765, 
    "model": "tracker.busobservation", 
    "fields": {
      "bus": 7, 
      "location": "POINT (-74.0035170000000022 40.7176060000000035)", 
      "time": "2009-04-29 15:52:23"
    }
  }, 
  {
    "pk": 1784, 
    "model": "tracker.busobservation", 
    "fields": {
      "bus": 7, 
      "location": "POINT (-74.0035170000000022 40.7176060000000035)", 
      "time": "2009-04-29 15:53:19"
    }
  }, 
  {
    "pk": 1785, 
    "model": "tracker.busobservation", 
    "fields": {
      "bus": 7, 
      "location": "POINT (-74.0039289999999994 40.7170910000000035)", 
      "time": "2009-04-29 15:53:21"
    }
  }, 
  {
    "pk": 1786, 
    "model": "tracker.busobservation", 
    "fields": {
      "bus": 7, 
      "location": "POINT (-74.0044019999999989 40.7168350000000032)", 
      "time": "2009-04-29 15:53:25"
    }
  }, 
  {
    "pk": 1787, 
    "model": "tracker.busobservation", 
    "fields": {
      "bus": 7, 
      "location": "POINT (-74.0044019999999989 40.7168350000000032)", 
      "time": "2009-04-29 15:53:28"
    }
  }, 
  {
    "pk": 1788, 
    "model": "tracker.busobservation", 
    "fields": {
      "bus": 7, 
      "location": "POINT (-74.0046159999999986 40.7165219999999977)", 
      "time": "2009-04-29 15:53:30"
    }
  }, 
  {
    "pk": 1789, 
    "model": "tracker.busobservation", 
    "fields": {
      "bus": 7, 
      "location": "POINT (-74.0046159999999986 40.7165219999999977)", 
      "time": "2009-04-29 15:53:34"
    }
  }, 
  {
    "pk": 1790, 
    "model": "tracker.busobservation", 
    "fields": {
      "bus": 7, 
      "location": "POINT (-74.0047610000000020 40.7160840000000022)", 
      "time": "2009-04-29 15:53:36"
    }
  }, 
  {
    "pk": 1793, 
    "model": "tracker.busobservation", 
    "fields": {
      "bus": 7, 
      "location": "POINT (-74.0047610000000020 40.7160840000000022)", 
      "time": "2009-04-29 15:53:42"
    }
  }, 
  {
    "pk": 1794, 
    "model": "tracker.busobservation", 
    "fields": {
      "bus": 7, 
      "location": "POINT (-74.0046999999999997 40.7157169999999979)", 
      "time": "2009-04-29 15:53:43"
    }
  }, 
  {
    "pk": 1811, 
    "model": "tracker.busobservation", 
    "fields": {
      "bus": 7, 
      "location": "POINT (-74.0046999999999997 40.7157169999999979)", 
      "time": "2009-04-29 15:54:20"
    }
  }, 
  {
    "pk": 1812, 
    "model": "tracker.busobservation", 
    "fields": {
      "bus": 7, 
      "location": "POINT (-74.0050659999999993 40.7156980000000033)", 
      "time": "2009-04-29 15:54:21"
    }
  }, 
  {
    "pk": 1818, 
    "model": "tracker.busobservation", 
    "fields": {
      "bus": 7, 
      "location": "POINT (-74.0050659999999993 40.7156980000000033)", 
      "time": "2009-04-29 15:54:36"
    }
  }, 
  {
    "pk": 1819, 
    "model": "tracker.busobservation", 
    "fields": {
      "bus": 7, 
      "location": "POINT (-74.0056689999999975 40.7154809999999969)", 
      "time": "2009-04-29 15:54:38"
    }
  }, 
  {
    "pk": 1827, 
    "model": "tracker.busobservation", 
    "fields": {
      "bus": 7, 
      "location": "POINT (-73.9901729999999986 40.7335819999999984)", 
      "time": "2009-04-29 15:55:06"
    }
  }, 
  {
    "pk": 1828, 
    "model": "tracker.busobservation", 
    "fields": {
      "bus": 7, 
      "location": "POINT (-74.0056689999999975 40.7154809999999969)", 
      "time": "2009-04-29 15:55:15"
    }
  }, 
  {
    "pk": 1829, 
    "model": "tracker.busobservation", 
    "fields": {
      "bus": 7, 
      "location": "POINT (-74.0059049999999985 40.7145810000000026)", 
      "time": "2009-04-29 15:55:21"
    }
  }, 
  {
    "pk": 1834, 
    "model": "tracker.busobservation", 
    "fields": {
      "bus": 7, 
      "location": "POINT (-74.0059049999999985 40.7145810000000026)", 
      "time": "2009-04-29 15:55:30"
    }
  }, 
  {
    "pk": 1837, 
    "model": "tracker.busobservation", 
    "fields": {
      "bus": 7, 
      "location": "POINT (-74.0060730000000007 40.7143250000000023)", 
      "time": "2009-04-29 15:55:33"
    }
  }, 
  {
    "pk": 1838, 
    "model": "tracker.busobservation", 
    "fields": {
      "bus": 7, 
      "location": "POINT (-74.0063549999999992 40.7141299999999973)", 
      "time": "2009-04-29 15:55:34"
    }
  }, 
  {
    "pk": 1840, 
    "model": "tracker.busobservation", 
    "fields": {
      "bus": 7, 
      "location": "POINT (-74.0063549999999992 40.7141299999999973)", 
      "time": "2009-04-29 15:55:35"
    }
  }, 
  {
    "pk": 1841, 
    "model": "tracker.busobservation", 
    "fields": {
      "bus": 7, 
      "location": "POINT (-74.0065689999999989 40.7137340000000023)", 
      "time": "2009-04-29 15:55:36"
    }
  }, 
  {
    "pk": 1842, 
    "model": "tracker.busobservation", 
    "fields": {
      "bus": 7, 
      "location": "POINT (-74.0066759999999988 40.7135850000000019)", 
      "time": "2009-04-29 15:55:38"
    }
  }, 
  {
    "pk": 1843, 
    "model": "tracker.busobservation", 
    "fields": {
      "bus": 7, 
      "location": "POINT (-74.0067829999999987 40.7134550000000033)", 
      "time": "2009-04-29 15:55:40"
    }
  }, 
  {
    "pk": 1844, 
    "model": "tracker.busobservation", 
    "fields": {
      "bus": 7, 
      "location": "POINT (-74.0069119999999998 40.7133370000000028)", 
      "time": "2009-04-29 15:55:42"
    }
  }, 
  {
    "pk": 1845, 
    "model": "tracker.busobservation", 
    "fields": {
      "bus": 7, 
      "location": "POINT (-74.0069349999999986 40.7132840000000016)", 
      "time": "2009-04-29 15:55:44"
    }
  }, 
  {
    "pk": 1846, 
    "model": "tracker.busobservation", 
    "fields": {
      "bus": 7, 
      "location": "POINT (-74.0069500000000033 40.7132190000000023)", 
      "time": "2009-04-29 15:55:46"
    }
  }, 
  {
    "pk": 1847, 
    "model": "tracker.busobservation", 
    "fields": {
      "bus": 7, 
      "location": "POINT (-74.0069960000000009 40.7131540000000030)", 
      "time": "2009-04-29 15:55:47"
    }
  }, 
  {
    "pk": 1848, 
    "model": "tracker.busobservation", 
    "fields": {
      "bus": 7, 
      "location": "POINT (-74.0070800000000020 40.7130780000000030)", 
      "time": "2009-04-29 15:55:48"
    }
  }, 
  {
    "pk": 1849, 
    "model": "tracker.busobservation", 
    "fields": {
      "bus": 7, 
      "location": "POINT (-74.0072329999999994 40.7129520000000014)", 
      "time": "2009-04-29 15:55:50"
    }
  }, 
  {
    "pk": 1850, 
    "model": "tracker.busobservation", 
    "fields": {
      "bus": 7, 
      "location": "POINT (-74.0073849999999993 40.7127880000000033)", 
      "time": "2009-04-29 15:55:53"
    }
  }, 
  {
    "pk": 1852, 
    "model": "tracker.busobservation", 
    "fields": {
      "bus": 7, 
      "location": "POINT (-74.0074690000000004 40.7126919999999970)", 
      "time": "2009-04-29 15:55:54"
    }
  }, 
  {
    "pk": 1854, 
    "model": "tracker.busobservation", 
    "fields": {
      "bus": 7, 
      "location": "POINT (-74.0076370000000026 40.7126499999999965)", 
      "time": "2009-04-29 15:55:55"
    }
  }, 
  {
    "pk": 1855, 
    "model": "tracker.busobservation", 
    "fields": {
      "bus": 7, 
      "location": "POINT (-74.0077440000000024 40.7125849999999971)", 
      "time": "2009-04-29 15:55:56"
    }
  }, 
  {
    "pk": 1856, 
    "model": "tracker.busobservation", 
    "fields": {
      "bus": 7, 
      "location": "POINT (-74.0077670000000012 40.7125849999999971)", 
      "time": "2009-04-29 15:55:57"
    }
  }, 
  {
    "pk": 1857, 
    "model": "tracker.busobservation", 
    "fields": {
      "bus": 7, 
      "location": "POINT (-74.0077059999999989 40.7126080000000030)", 
      "time": "2009-04-29 15:55:58"
    }
  }, 
  {
    "pk": 1858, 
    "model": "tracker.busobservation", 
    "fields": {
      "bus": 7, 
      "location": "POINT (-74.0077289999999977 40.7125970000000024)", 
      "time": "2009-04-29 15:56:00"
    }
  }, 
  {
    "pk": 1863, 
    "model": "tracker.busobservation", 
    "fields": {
      "bus": 7, 
      "location": "POINT (-74.0077289999999977 40.7125970000000024)", 
      "time": "2009-04-29 15:56:07"
    }
  }, 
  {
    "pk": 1864, 
    "model": "tracker.busobservation", 
    "fields": {
      "bus": 7, 
      "location": "POINT (-74.0072100000000006 40.7128409999999974)", 
      "time": "2009-04-29 15:56:09"
    }
  }, 
  {
    "pk": 1873, 
    "model": "tracker.busobservation", 
    "fields": {
      "bus": 7, 
      "location": "POINT (-74.0072100000000006 40.7128409999999974)", 
      "time": "2009-04-29 15:56:21"
    }
  }, 
  {
    "pk": 1893, 
    "model": "tracker.busobservation", 
    "fields": {
      "bus": 7, 
      "location": "POINT (-74.0075989999999990 40.7128220000000027)", 
      "time": "2009-04-29 15:57:08"
    }
  }, 
  {
    "pk": 1894, 
    "model": "tracker.busobservation", 
    "fields": {
      "bus": 7, 
      "location": "POINT (-74.0082629999999995 40.7126689999999982)", 
      "time": "2009-04-29 15:57:10"
    }
  }, 
  {
    "pk": 1895, 
    "model": "tracker.busobservation", 
    "fields": {
      "bus": 7, 
      "location": "POINT (-74.0080489999999998 40.7125320000000031)", 
      "time": "2009-04-29 15:57:14"
    }
  }, 
  {
    "pk": 1896, 
    "model": "tracker.busobservation", 
    "fields": {
      "bus": 7, 
      "location": "POINT (-74.0080030000000022 40.7125210000000024)", 
      "time": "2009-04-29 15:57:16"
    }
  }, 
  {
    "pk": 1897, 
    "model": "tracker.busobservation", 
    "fields": {
      "bus": 7, 
      "location": "POINT (-74.0081100000000021 40.7124560000000031)", 
      "time": "2009-04-29 15:57:18"
    }
  }, 
  {
    "pk": 1898, 
    "model": "tracker.busobservation", 
    "fields": {
      "bus": 7, 
      "location": "POINT (-74.0082629999999995 40.7123720000000020)", 
      "time": "2009-04-29 15:57:20"
    }
  }, 
  {
    "pk": 1899, 
    "model": "tracker.busobservation", 
    "fields": {
      "bus": 7, 
      "location": "POINT (-74.0082400000000007 40.7122310000000027)", 
      "time": "2009-04-29 15:57:22"
    }
  }, 
  {
    "pk": 1900, 
    "model": "tracker.busobservation", 
    "fields": {
      "bus": 7, 
      "location": "POINT (-74.0082859999999982 40.7120820000000023)", 
      "time": "2009-04-29 15:57:25"
    }
  }, 
  {
    "pk": 1901, 
    "model": "tracker.busobservation", 
    "fields": {
      "bus": 7, 
      "location": "POINT (-74.0083690000000018 40.7118990000000025)", 
      "time": "2009-04-29 15:57:27"
    }
  }, 
  {
    "pk": 1902, 
    "model": "tracker.busobservation", 
    "fields": {
      "bus": 7, 
      "location": "POINT (-74.0084149999999994 40.7118109999999973)", 
      "time": "2009-04-29 15:57:29"
    }
  }, 
  {
    "pk": 1903, 
    "model": "tracker.busobservation", 
    "fields": {
      "bus": 7, 
      "location": "POINT (-74.0084760000000017 40.7115859999999969)", 
      "time": "2009-04-29 15:57:35"
    }
  }, 
  {
    "pk": 1904, 
    "model": "tracker.busobservation", 
    "fields": {
      "bus": 7, 
      "location": "POINT (-74.0084760000000017 40.7115859999999969)", 
      "time": "2009-04-29 15:57:39"
    }
  }, 
  {
    "pk": 1905, 
    "model": "tracker.busobservation", 
    "fields": {
      "bus": 7, 
      "location": "POINT (-74.0082400000000007 40.7110399999999970)", 
      "time": "2009-04-29 15:57:40"
    }
  }, 
  {
    "pk": 1916, 
    "model": "tracker.busobservation", 
    "fields": {
      "bus": 7, 
      "location": "POINT (-74.0082400000000007 40.7110399999999970)", 
      "time": "2009-04-29 15:57:55"
    }
  }, 
  {
    "pk": 1917, 
    "model": "tracker.busobservation", 
    "fields": {
      "bus": 7, 
      "location": "POINT (-74.0077440000000024 40.7111170000000016)", 
      "time": "2009-04-29 15:57:56"
    }
  }, 
  {
    "pk": 1920, 
    "model": "tracker.busobservation", 
    "fields": {
      "bus": 7, 
      "location": "POINT (-74.0077440000000024 40.7111170000000016)", 
      "time": "2009-04-29 15:58:02"
    }
  }, 
  {
    "pk": 1921, 
    "model": "tracker.busobservation", 
    "fields": {
      "bus": 7, 
      "location": "POINT (-74.0081940000000031 40.7106440000000021)", 
      "time": "2009-04-29 15:58:03"
    }
  }, 
  {
    "pk": 1922, 
    "model": "tracker.busobservation", 
    "fields": {
      "bus": 7, 
      "location": "POINT (-74.0087130000000002 40.7104720000000029)", 
      "time": "2009-04-29 15:58:07"
    }
  }, 
  {
    "pk": 1923, 
    "model": "tracker.busobservation", 
    "fields": {
      "bus": 7, 
      "location": "POINT (-74.0088650000000001 40.7104190000000017)", 
      "time": "2009-04-29 15:58:08"
    }
  }, 
  {
    "pk": 1940, 
    "model": "tracker.busobservation", 
    "fields": {
      "bus": 7, 
      "location": "POINT (-74.0088650000000001 40.7104190000000017)", 
      "time": "2009-04-29 15:58:50"
    }
  }, 
  {
    "pk": 1942, 
    "model": "tracker.busobservation", 
    "fields": {
      "bus": 7, 
      "location": "POINT (-74.0148159999999962 40.7035679999999971)", 
      "time": "2009-04-29 16:03:42"
    }
  }, 
  {
    "pk": 1943, 
    "model": "tracker.busobservation", 
    "fields": {
      "bus": 7, 
      "location": "POINT (-74.0139920000000018 40.7028430000000014)", 
      "time": "2009-04-29 16:03:50"
    }
  }, 
  {
    "pk": 1948, 
    "model": "tracker.busobservation", 
    "fields": {
      "bus": 7, 
      "location": "POINT (-74.0139920000000018 40.7028430000000014)", 
      "time": "2009-04-29 16:04:48"
    }
  }, 
  {
    "pk": 1949, 
    "model": "tracker.busobservation", 
    "fields": {
      "bus": 7, 
      "location": "POINT (-74.0139080000000007 40.7025640000000024)", 
      "time": "2009-04-29 16:04:52"
    }
  }, 
  {
    "pk": 1951, 
    "model": "tracker.busobservation", 
    "fields": {
      "bus": 7, 
      "location": "POINT (-74.0139080000000007 40.7025640000000024)", 
      "time": "2009-04-29 16:04:56"
    }
  }, 
  {
    "pk": 1952, 
    "model": "tracker.busobservation", 
    "fields": {
      "bus": 7, 
      "location": "POINT (-74.0136260000000021 40.7023700000000019)", 
      "time": "2009-04-29 16:04:57"
    }
  }, 
  {
    "pk": 1953, 
    "model": "tracker.busobservation", 
    "fields": {
      "bus": 7, 
      "location": "POINT (-74.0136260000000021 40.7023700000000019)", 
      "time": "2009-04-29 16:04:58"
    }
  }, 
  {
    "pk": 1954, 
    "model": "tracker.busobservation", 
    "fields": {
      "bus": 7, 
      "location": "POINT (-74.0135420000000011 40.7023700000000019)", 
      "time": "2009-04-29 16:04:59"
    }
  }, 
  {
    "pk": 1955, 
    "model": "tracker.busobservation", 
    "fields": {
      "bus": 7, 
      "location": "POINT (-74.0133670000000023 40.7023160000000033)", 
      "time": "2009-04-29 16:05:01"
    }
  }, 
  {
    "pk": 1956, 
    "model": "tracker.busobservation", 
    "fields": {
      "bus": 7, 
      "location": "POINT (-74.0131149999999991 40.7023160000000033)", 
      "time": "2009-04-29 16:05:03"
    }
  }, 
  {
    "pk": 1957, 
    "model": "tracker.busobservation", 
    "fields": {
      "bus": 7, 
      "location": "POINT (-74.0128330000000005 40.7023620000000008)", 
      "time": "2009-04-29 16:05:06"
    }
  }, 
  {
    "pk": 1958, 
    "model": "tracker.busobservation", 
    "fields": {
      "bus": 7, 
      "location": "POINT (-74.0126419999999996 40.7024040000000014)", 
      "time": "2009-04-29 16:05:10"
    }
  }, 
  {
    "pk": 1960, 
    "model": "tracker.busobservation", 
    "fields": {
      "bus": 7, 
      "location": "POINT (-74.0125500000000045 40.7024040000000014)", 
      "time": "2009-04-29 16:05:12"
    }
  }, 
  {
    "pk": 1962, 
    "model": "tracker.busobservation", 
    "fields": {
      "bus": 7, 
      "location": "POINT (-74.0125500000000045 40.7024040000000014)", 
      "time": "2009-04-29 16:05:19"
    }
  }
]